,Run,Dataset,F1_Insertion
1,DRAGEN 4.0.3 default,human T1 R2,82.6128218893809
2,DRAGEN 4.0.3 default,human T1 R3,82.9840031364233
3,DRAGEN 4.0.3 default,human T2 R2,81.0784031193761
4,DRAGEN 4.0.3 default,human T2 R3,80.983708243957
5,DRAGEN 4.0.3 default,human T3 R2,59.3019303202014
6,DRAGEN 4.0.3 default,human T3 R3,59.429203811866
7,DRAGEN 4.0.3 default,malaria T1 R2,81.2931775645229
8,DRAGEN 4.0.3 default,malaria T1 R3,80.8072927515413
9,DRAGEN 4.0.3 default,malaria T2 R2,79.0781038374718
10,DRAGEN 4.0.3 default,malaria T2 R3,78.9417129441548
11,DRAGEN 4.0.3 default,malaria T3 R2,54.4034886731392
12,DRAGEN 4.0.3 default,malaria T3 R3,55.1323584341616
137,DRAGEN 4.0.3 default,human T1 R1,82.7905832780167
138,DRAGEN 4.0.3 default,human T2 R1,80.9191984629439
139,DRAGEN 4.0.3 default,human T3 R1,59.3850450034618
140,DRAGEN 4.0.3 default,malaria T1 R1,81.0394378998983
141,DRAGEN 4.0.3 default,malaria T2 R1,78.3890151747865
142,DRAGEN 4.0.3 default,malaria T3 R1,54.8445601023367
13,DeepSAP MS150,human T1 R2,89.9103734284914
14,DeepSAP MS150,human T1 R3,90.1697260361106
15,DeepSAP MS150,human T2 R2,87.8058100558659
16,DeepSAP MS150,human T2 R3,87.8455463417386
17,DeepSAP MS150,human T3 R2,67.3730967647916
18,DeepSAP MS150,human T3 R3,67.5258164897484
19,DeepSAP MS150,malaria T1 R2,88.7623937129054
20,DeepSAP MS150,malaria T1 R3,89.0114181298846
21,DeepSAP MS150,malaria T2 R2,87.2946839895609
22,DeepSAP MS150,malaria T2 R3,87.0604775352665
23,DeepSAP MS150,malaria T3 R2,66.8321952654021
24,DeepSAP MS150,malaria T3 R3,67.6197978034766
725,DeepSAP MS150,human T1 R1,90.1260756983086
825,DeepSAP MS150,human T2 R1,87.7727687710203
925,DeepSAP MS150,human T3 R1,67.5461904121352
1025,DeepSAP MS150,malaria T1 R1,89.5383768051084
1125,DeepSAP MS150,malaria T2 R1,86.6168371720866
1225,DeepSAP MS150,malaria T3 R1,67.4540931283247
37,HISAT2 2.2.1 default,human T1 R2,77.6159409412488
38,HISAT2 2.2.1 default,human T1 R3,78.260464501245
39,HISAT2 2.2.1 default,human T2 R2,57.0611456296618
40,HISAT2 2.2.1 default,human T2 R3,57.0648747956915
41,HISAT2 2.2.1 default,human T3 R2,1.72425585023402
42,HISAT2 2.2.1 default,human T3 R3,1.74409321678809
43,HISAT2 2.2.1 default,malaria T1 R2,75.8323334165211
44,HISAT2 2.2.1 default,malaria T1 R3,76.8083811553966
45,HISAT2 2.2.1 default,malaria T2 R2,56.5324116530379
46,HISAT2 2.2.1 default,malaria T2 R3,56.7023566867417
47,HISAT2 2.2.1 default,malaria T3 R2,1.64578415187783
48,HISAT2 2.2.1 default,malaria T3 R3,1.70471744527591
209,HISAT2 2.2.1 default,human T1 R1,78.0730591535475
210,HISAT2 2.2.1 default,human T2 R1,56.9911193165363
211,HISAT2 2.2.1 default,human T3 R1,1.74406807462652
212,HISAT2 2.2.1 default,malaria T1 R1,75.5925253004536
213,HISAT2 2.2.1 default,malaria T2 R1,55.7542798594848
214,HISAT2 2.2.1 default,malaria T3 R1,1.62612894674682
49,STAR 2.7.10a default,human T1 R2,75.217312210919
50,STAR 2.7.10a default,human T1 R3,75.1592402622615
51,STAR 2.7.10a default,human T2 R2,67.1024244989642
52,STAR 2.7.10a default,human T2 R3,67.0588715159755
53,STAR 2.7.10a default,human T3 R2,23.4191060762101
54,STAR 2.7.10a default,human T3 R3,23.4478764160659
55,STAR 2.7.10a default,malaria T1 R2,78.2015683141684
56,STAR 2.7.10a default,malaria T1 R3,77.5666304889057
57,STAR 2.7.10a default,malaria T2 R2,71.4978733307933
58,STAR 2.7.10a default,malaria T2 R3,71.2809151272106
59,STAR 2.7.10a default,malaria T3 R2,32.8188819875776
60,STAR 2.7.10a default,malaria T3 R3,33.4119059049448
233,STAR 2.7.10a default,human T1 R1,75.2729358547465
234,STAR 2.7.10a default,human T2 R1,66.8482124616956
235,STAR 2.7.10a default,human T3 R1,23.566383372775
236,STAR 2.7.10a default,malaria T1 R1,78.2260433508807
237,STAR 2.7.10a default,malaria T2 R1,71.06498853564
238,STAR 2.7.10a default,malaria T3 R1,32.9387766934003
61,Subjunc 2.0.1 default,human T1 R2,86.4989527432132
62,Subjunc 2.0.1 default,human T1 R3,87.2056749716874
63,Subjunc 2.0.1 default,human T2 R2,81.4629048325327
64,Subjunc 2.0.1 default,human T2 R3,81.5342643630059
65,Subjunc 2.0.1 default,human T3 R2,21.8713193640097
66,Subjunc 2.0.1 default,human T3 R3,22.1453131492775
67,Subjunc 2.0.1 default,malaria T1 R2,89.8287643515626
68,Subjunc 2.0.1 default,malaria T1 R3,91.1975461395654
69,Subjunc 2.0.1 default,malaria T2 R2,86.6674667427919
70,Subjunc 2.0.1 default,malaria T2 R3,86.0932386939163
71,Subjunc 2.0.1 default,malaria T3 R2,24.8164634781397
72,Subjunc 2.0.1 default,malaria T3 R3,25.1941444702656
305,Subjunc 2.0.1 default,human T1 R1,85.8836150753798
306,Subjunc 2.0.1 default,human T2 R1,81.280987654321
307,Subjunc 2.0.1 default,human T3 R1,22.1225928654109
308,Subjunc 2.0.1 default,malaria T1 R1,90.9705567709473
309,Subjunc 2.0.1 default,malaria T2 R1,85.7235294999253
310,Subjunc 2.0.1 default,malaria T3 R1,24.8532096320234
73,novoSplice 0.8.4 default,human T1 R2,86.1338110447305
74,novoSplice 0.8.4 default,human T1 R3,86.1776427872861
75,novoSplice 0.8.4 default,human T2 R2,83.5152548557975
76,novoSplice 0.8.4 default,human T2 R3,83.6716720973244
77,novoSplice 0.8.4 default,human T3 R2,58.3791430589067
78,novoSplice 0.8.4 default,human T3 R3,58.4849440894569
79,novoSplice 0.8.4 default,malaria T1 R2,89.5535595114119
80,novoSplice 0.8.4 default,malaria T1 R3,88.8737495263939
81,novoSplice 0.8.4 default,malaria T2 R2,86.8264996709289
82,novoSplice 0.8.4 default,malaria T2 R3,86.4065571055021
83,novoSplice 0.8.4 default,malaria T3 R2,59.6789265982636
84,novoSplice 0.8.4 default,malaria T3 R3,60.3876011495033
311,novoSplice 0.8.4 default,human T1 R1,86.0323606000226
312,novoSplice 0.8.4 default,human T2 R1,83.6171780708031
313,novoSplice 0.8.4 default,human T3 R1,58.5081990256369
314,novoSplice 0.8.4 default,malaria T1 R1,89.3984356681627
315,novoSplice 0.8.4 default,malaria T2 R1,85.8806792757467
316,novoSplice 0.8.4 default,malaria T3 R1,60.3299109540503
