,Study,RUN_ID,Run,RunStudy,RunSpecies,Rate,Dataset,Aligner,Species,Bases_Alinged_Incorrectly,Bases_Alinged_Ambiguously,Bases_Alinged_Correctly,Bases_Unalinged,Reads_Alinged_Incorrectly,Reads_Alinged_Ambiguously,Reads_Alinged_Correctly,Reads_Unalinged,Percision_Read,Recall_Read,F1_Read,Percision_Base,Recall_Base,F1_Base,Percision_Junction,Recall_Junction,F1_Junction,Percision_Insertion,Recall_Insertion,F1_Insertion,Percision_Deletion,Recall_Deletion,F1_Deletion,Percision_Skipping,Recall_Skipping,F1_Skipping,Junctions_Sides_none,Junctions_both_sites,Junctions_donor_site,Junctions_acceptor_site,Junctions_none,Splice_Precision,Splice_Recall,Mapping_Precision,Mapping_Recall,TP_mapping,AM_mapping,FN_mapping,FP_mapping,TP_splice,AM_splice,FN_splice,FP_splice,mapping_true_positives_unique,mapping_false_positives_unique,mapping_false_negatives_unique,splice_true_positives_unique,splice_false_positives_unique,splice_false_negatives_unique,F1_mapping,F1_splice,CDS_Exons,Five_UTR_Exons,Three_UTR_Exons,Introns,TSS_up_1kb,TSS_up_5kb,TSS_up_10kb,TES_down_1kb,TES_down_5kb,TES_down_10kb,nKnownSpJunc,nPartialNovelSpJunc,nNovelSpJunc,nKnownSpEvents,nPartialSpEvents,nNovelSpEvents,nUniqueReads,nNonUniqueReads,nUnmappedReads,nNonSplicedReads,nSplicedReads,nReadsForward,nReadsReverse,nProperPairs,nProperPairsDiffChr,CPU,RAM,Time,IO_out,IO_in
1,Baruzzo,DRAGEN 4.0.3 default baruzzo_human_t1r2,DRAGEN 4.0.3 default,DRAGEN 4.0.3 default Baruzzo,DRAGEN 4.0.3 default human,T1,human T1 R2,DRAGEN,human,0.279328,1.725848,97.754824,0.24,0.239736,1.728097,97.922167,0.11,99.75,97.9,98.81634201872,99.7,97.73,98.7051714531733,99.8901,92.0201,95.7937305157308,98.0601,71.37,82.6128218893809,98.4501,74.43,84.7713640031444,99.84,92.65,96.110717439867,2032,99.89,0.01,0.01,0.0699,NA,NA,NA,NA,0,0,0,0,0,0,0,0,0,0,0,0,0,0,NA,NA,1,1,1,1,1,1,1,1,1,1,1,1,1,1,1,1,1,1,1,1,1,1,1,1,1,677,43.2132301330566,6.15516666666667,2.09341430664062,2.64680480957031
2,Baruzzo,DRAGEN 4.0.3 default baruzzo_human_t1r3,DRAGEN 4.0.3 default,DRAGEN 4.0.3 default Baruzzo,DRAGEN 4.0.3 default human,T1,human T1 R3,DRAGEN,human,0.279356,1.726021,97.764623,0.23,0.23976,1.72827,97.93197,0.1,99.75,97.91,98.8214357988465,99.7,97.73,98.7051714531733,99.8901,92.05,95.80992929565,98.3701,71.76,82.9840031364233,98.5601,74.81,85.0582779960328,99.82,92.7101,96.1337700650444,1978,99.89,0.01,0.01,0.0699,NA,NA,NA,NA,0,0,0,0,0,0,0,0,0,0,0,0,0,0,NA,NA,1,1,1,1,1,1,1,1,1,1,1,1,1,1,1,1,1,1,1,1,1,1,1,1,1,701,43.1728134155273,5.90283333333333,2.09455871582031,5.01502990722656
3,Baruzzo,DRAGEN 4.0.3 default baruzzo_human_t2r2,DRAGEN 4.0.3 default,DRAGEN 4.0.3 default Baruzzo,DRAGEN 4.0.3 default human,T2,human T2 R2,DRAGEN,human,0.418194,1.722561,97.429245,0.43,0.27958,1.727405,97.843015,0.15,99.71,97.81,98.7508616848927,99.56,97.39,98.4630454430058,99.8501,91.46,95.4710717939095,97.11,69.59,81.0784031193761,97.1301,72.35,82.9284704811951,99.72,91.96,95.6829215358932,3085,99.85,0.01,0.02,0.11,NA,NA,NA,NA,0,0,0,0,0,0,0,0,0,0,0,0,0,0,NA,NA,1,1,1,1,1,1,1,1,1,1,1,1,1,1,1,1,1,1,1,1,1,1,1,1,1,669,42.8881416320801,6.22083333333333,2.81953430175781,5.05397796630859
4,Baruzzo,DRAGEN 4.0.3 default baruzzo_human_t2r3,DRAGEN 4.0.3 default,DRAGEN 4.0.3 default Baruzzo,DRAGEN 4.0.3 default human,T2,human T2 R3,DRAGEN,human,0.418194,1.722561,97.429245,0.43,0.279552,1.727232,97.833216,0.16,99.71,97.82,98.7559580823166,99.56,97.4,98.4681559707555,99.83,91.44,95.4509876091389,97.1501,69.4301,80.983708243957,97.1401,72.5,83.0305717810824,99.72,92.0001,95.7046232711124,3562,99.83,0.01,0.02,0.13,NA,NA,NA,NA,0,0,0,0,0,0,0,0,0,0,0,0,0,0,NA,NA,1,1,1,1,1,1,1,1,1,1,1,1,1,1,1,1,1,1,1,1,1,1,1,1,1,712,42.9064788818359,5.7855,2.82141876220703,4.92861938476562
5,Baruzzo,DRAGEN 4.0.3 default baruzzo_human_t3r2,DRAGEN 4.0.3 default,DRAGEN 4.0.3 default Baruzzo,DRAGEN 4.0.3 default human,T3,human T3 R2,DRAGEN,human,0.97587,1.691508,90.272622,7.06,0.59292,1.798524,96.428556,1.18,99.37,96.37,97.847010319812,98.83,90.04,94.2304569280458,99.3801,79.9901,88.6370661013925,84.1601,45.78,59.3019303202014,82.8,47.47,60.3441467720887,98.32,78.87,87.5274947796151,12820,99.38,0.03,0.03,0.54,NA,NA,NA,NA,0,0,0,0,0,0,0,0,0,0,0,0,0,0,NA,NA,1,1,1,1,1,1,1,1,1,1,1,1,1,1,1,1,1,1,1,1,1,1,1,1,1,697,38.733039855957,6.02,8.88045501708984,5.09170532226562
6,Baruzzo,DRAGEN 4.0.3 default baruzzo_human_t3r3,DRAGEN 4.0.3 default,DRAGEN 4.0.3 default Baruzzo,DRAGEN 4.0.3 default human,T3,human T3 R3,DRAGEN,human,0.985058,1.700619,90.244323,7.07,0.602741,1.808223,96.399036,1.19,99.37,96.36,97.8418556174322,98.83,90.02,94.2195033095049,99.3701,79.97,88.6207479197346,84.2,45.92,59.429203811866,82.98,47.59,60.4889055678946,98.3401,78.94,87.5785549985588,12985,99.37,0.03,0.03,0.5499,NA,NA,NA,NA,0,0,0,0,0,0,0,0,0,0,0,0,0,0,NA,NA,1,1,1,1,1,1,1,1,1,1,1,1,1,1,1,1,1,1,1,1,1,1,1,1,1,703,38.7349700927734,6.00166666666667,8.88010406494141,2.53545379638672
7,Baruzzo,DRAGEN 4.0.3 default baruzzo_malaria_t1r2,DRAGEN 4.0.3 default,DRAGEN 4.0.3 default Baruzzo,DRAGEN 4.0.3 default malaria,T1,malaria T1 R2,DRAGEN,malaria,0.0997,1.75472,97.84558,0.3,0.019998,1.759824,98.210178,0.01,99.97,98.19,99.0720054501413,99.89,97.83,98.8492686627554,99.9801,91.48,95.5413639499823,98.63,69.14,81.2931775645229,94.3501,71.82,81.5576831451627,97.48,92.66,95.0089071210687,100,99.98,0,0,0.01,NA,NA,NA,NA,0,0,0,0,0,0,0,0,0,0,0,0,0,0,NA,NA,1,1,1,1,1,1,1,1,1,1,1,1,1,1,1,1,1,1,1,1,1,1,1,1,1,442,7.64052200317383,0.659833333333333,1.43766021728516,8.14080810546875
8,Baruzzo,DRAGEN 4.0.3 default baruzzo_malaria_t1r3,DRAGEN 4.0.3 default,DRAGEN 4.0.3 default Baruzzo,DRAGEN 4.0.3 default malaria,T1,malaria T1 R3,DRAGEN,malaria,0.109681,1.764867,97.835452,0.29,0.019998,1.769823,98.200179,0.01,99.97,98.19,99.0720054501413,99.88,97.81,98.8341625777733,99.9801,91.54,95.5740766008372,98.63,68.44,80.8072927515413,94.8,71.6,81.5826923076923,97.1401,92.66,94.8471751700869,105,99.98,0,0,0.01,NA,NA,NA,NA,0,0,0,0,0,0,0,0,0,0,0,0,0,0,NA,NA,1,1,1,1,1,1,1,1,1,1,1,1,1,1,1,1,1,1,1,1,1,1,1,1,1,455,7.64343643188477,0.627,1.44424438476562,8.14080810546875
9,Baruzzo,DRAGEN 4.0.3 default baruzzo_malaria_t2r2,DRAGEN 4.0.3 default,DRAGEN 4.0.3 default Baruzzo,DRAGEN 4.0.3 default malaria,T2,malaria T2 R2,DRAGEN,malaria,0.39716,1.836865,97.055975,0.71,0.019992,1.84926,98.090748,0.04,99.97,98.06,99.0057890218654,99.58,97.01,98.2782013327229,99.93,90.86,95.1794098223177,97.31,66.6,79.0781038374718,95.47,68.85,80.0037670399221,88.8901,91.95,90.3941625225821,551,99.9299,0,0,0.06,NA,NA,NA,NA,0,0,0,0,0,0,0,0,0,0,0,0,0,0,NA,NA,1,1,1,1,1,1,1,1,1,1,1,1,1,1,1,1,1,1,1,1,1,1,1,1,1,465,7.33075332641602,0.677,2.72456359863281,6.99538421630859
10,Baruzzo,DRAGEN 4.0.3 default baruzzo_malaria_t2r3,DRAGEN 4.0.3 default,DRAGEN 4.0.3 default Baruzzo,DRAGEN 4.0.3 default malaria,T2,malaria T2 R3,DRAGEN,malaria,0.39716,1.817007,97.075833,0.71,0.019992,1.829268,98.11074,0.04,99.97,98.09,99.0210774512774,99.58,97.04,98.2935937341064,99.93,90.93,95.2178025778057,97.2601,66.43,78.9417129441548,95.27,68.35,79.5954589903435,86.5701,92.1201,89.2589103264756,534,99.9299,0,0,0.06,NA,NA,NA,NA,0,0,0,0,0,0,0,0,0,0,0,0,0,0,NA,NA,1,1,1,1,1,1,1,1,1,1,1,1,1,1,1,1,1,1,1,1,1,1,1,1,1,343,7.31703948974609,0.908,2.71974182128906,0.117095947265625
11,Baruzzo,DRAGEN 4.0.3 default baruzzo_malaria_t3r2,DRAGEN 4.0.3 default,DRAGEN 4.0.3 default Baruzzo,DRAGEN 4.0.3 default malaria,T3,malaria T3 R2,DRAGEN,malaria,1.289088,2.211144,86.019768,10.48,0.156544,2.416648,95.266808,2.16,99.82,95.18,97.4447958974359,98.33,85.59,91.5187548934319,98.9601,79.7901,88.3471601711215,83.18,40.42,54.4034886731392,78.84,40.76,53.7377658862876,38.8,80.67,52.3980246086884,7798,98.96,0.01,0,1.01,NA,NA,NA,NA,0,0,0,0,0,0,0,0,0,0,0,0,0,0,NA,NA,1,1,1,1,1,1,1,1,1,1,1,1,1,1,1,1,1,1,1,1,1,1,1,1,1,442,7.45601654052734,0.910333333333333,8.90366363525391,6.15264129638672
12,Baruzzo,DRAGEN 4.0.3 default baruzzo_malaria_t3r3,DRAGEN 4.0.3 default,DRAGEN 4.0.3 default Baruzzo,DRAGEN 4.0.3 default malaria,T3,malaria T3 R3,DRAGEN,malaria,1.262091,2.192995,86.054914,10.49,0.14676,2.39708,95.29616,2.16,99.83,95.22,97.470521404768,98.37,85.63,91.5589467391304,99.03,79.53,88.2152318548387,83.88,41.0601,55.1323584341616,79.6001,41.24,54.331436733336,38.52,80.66,52.1400100688035,7350,99.03,0,0,0.95,NA,NA,NA,NA,0,0,0,0,0,0,0,0,0,0,0,0,0,0,NA,NA,1,1,1,1,1,1,1,1,1,1,1,1,1,1,1,1,1,1,1,1,1,1,1,1,1,417,7.46542358398438,0.977166666666667,8.8970947265625,0.0001068115234375
137,Baruzzo,DRAGEN 4.0.3 default baruzzo_human_t1r1,DRAGEN 4.0.3 default,DRAGEN 4.0.3 default Baruzzo,DRAGEN 4.0.3 default human,T1,human T1 R1,DRAGEN,human,0.279328,1.735824,97.744848,0.24,0.23976,1.73826,97.92198,0.1,99.75,97.9,98.81634201872,99.7,97.73,98.7051714531733,99.8901,92.0201,95.7937305157308,98.2401,71.54,82.7905832780167,98.4,74.4701,84.7787771280285,99.81,92.69,96.1183262337662,2101,99.89,0.01,0.01,0.0699,NA,NA,NA,NA,0,0,0,0,0,0,0,0,0,0,0,0,0,0,NA,NA,1,1,1,1,1,1,1,1,1,1,1,1,1,1,1,1,1,1,1,1,1,1,1,1,1,710,43.215160369873,6.0875,2.0927734375,5.02242279052734
138,Baruzzo,DRAGEN 4.0.3 default baruzzo_human_t2r1,DRAGEN 4.0.3 default,DRAGEN 4.0.3 default Baruzzo,DRAGEN 4.0.3 default human,T2,human T2 R1,DRAGEN,human,0.428151,1.722561,97.419288,0.43,0.27958,1.727405,97.843015,0.15,99.7,97.82,98.7510530579182,99.55,97.4,98.4632647880173,99.84,91.5001,95.4882952815432,97.18,69.3201,80.9191984629439,97.1,72.3301,82.9044273715237,99.74,91.97,95.6975410776694,3350,99.8399,0.01,0.01,0.12,NA,NA,NA,NA,0,0,0,0,0,0,0,0,0,0,0,0,0,0,NA,NA,1,1,1,1,1,1,1,1,1,1,1,1,1,1,1,1,1,1,1,1,1,1,1,1,1,706,42.9014701843262,6.1865,2.81870269775391,3.48892974853516
139,Baruzzo,DRAGEN 4.0.3 default baruzzo_human_t3r1,DRAGEN 4.0.3 default,DRAGEN 4.0.3 default Baruzzo,DRAGEN 4.0.3 default human,T3,human T3 R1,DRAGEN,human,0.97587,1.710096,90.254034,7.06,0.59298,1.818472,96.418548,1.17,99.37,96.37,97.847010319812,98.84,90.03,94.2295250701541,99.3801,79.96,88.6185833062433,84.09,45.9,59.3850450034618,82.88,47.38,60.2925594963918,98.32,78.9101,87.5521825243003,12745,99.38,0.03,0.03,0.54,NA,NA,NA,NA,0,0,0,0,0,0,0,0,0,0,0,0,0,0,NA,NA,1,1,1,1,1,1,1,1,1,1,1,1,1,1,1,1,1,1,1,1,1,1,1,1,1,689,38.7330322265625,6.42,8.88101196289062,3.90866088867188
140,Baruzzo,DRAGEN 4.0.3 default baruzzo_malaria_t1r1,DRAGEN 4.0.3 default,DRAGEN 4.0.3 default Baruzzo,DRAGEN 4.0.3 default malaria,T1,malaria T1 R1,DRAGEN,malaria,0.10967,1.73478,97.85555,0.3,0.019996,1.739652,98.220352,0.02,99.97,98.2,99.0770954231215,99.88,97.83,98.844372060088,99.9801,91.38,95.4867972790566,98.29,68.94,81.0394378998983,94.2101,70.89,80.9030883567,97.73,92.55,95.0694923270969,99,99.98,0,0,0.01,NA,NA,NA,NA,0,0,0,0,0,0,0,0,0,0,0,0,0,0,NA,NA,1,1,1,1,1,1,1,1,1,1,1,1,1,1,1,1,1,1,1,1,1,1,1,1,1,431,7.764892578125,0.659833333333333,1.44759368896484,2.983154296875
141,Baruzzo,DRAGEN 4.0.3 default baruzzo_malaria_t2r1,DRAGEN 4.0.3 default,DRAGEN 4.0.3 default Baruzzo,DRAGEN 4.0.3 default malaria,T2,malaria T2 R1,DRAGEN,malaria,0.416976,1.826752,97.036272,0.72,0.029988,1.839264,98.090748,0.04,99.96,98.07,99.005980911983,99.56,97,98.2633292633293,99.9501,90.93,95.2269261489281,97,65.77,78.3890151747865,95.3,68.48,79.6940285749176,91.16,92.04,91.5978864628821,368,99.95,0,0,0.04,NA,NA,NA,NA,0,0,0,0,0,0,0,0,0,0,0,0,0,0,NA,NA,1,1,1,1,1,1,1,1,1,1,1,1,1,1,1,1,1,1,1,1,1,1,1,1,1,417,7.31497573852539,0.7445,2.73436737060547,3.40398406982422
142,Baruzzo,DRAGEN 4.0.3 default baruzzo_malaria_t3r1,DRAGEN 4.0.3 default,DRAGEN 4.0.3 default Baruzzo,DRAGEN 4.0.3 default malaria,T3,malaria T3 R1,DRAGEN,malaria,1.271184,2.19324,86.055576,10.48,0.166345,2.397325,95.28633,2.15,99.81,95.2,97.4505102302446,98.35,85.62,91.5445670489754,99.02,79.97,88.4812492318006,83.7601,40.77,54.8445601023367,78.9101,40.65,53.6582951168492,38.0301,81.0001,51.7589973470598,7465,99.02,0,0,0.96,NA,NA,NA,NA,0,0,0,0,0,0,0,0,0,0,0,0,0,0,NA,NA,1,1,1,1,1,1,1,1,1,1,1,1,1,1,1,1,1,1,1,1,1,1,1,1,1,407,7.38848495483398,0.977333333333333,8.90113067626953,7.16376495361328
317,SimBA,DRAGEN 4.0.3 default SimBA_human_t1,DRAGEN 4.0.3 default,DRAGEN 4.0.3 default SimBA,DRAGEN 4.0.3 default human,T1,human T1 R1,DRAGEN,human,0,0,0,0,0,0,0,0,0,0,NA,0,0,NA,100,100,100,100,100,100,100,100,100,100,100,100,0,0,0,0,0,98.8073930995375,97.8313506684914,92.8793401632827,90.4116706514794,18083184,0,1917756,1386360,55758,0,1236,673,18083184,1386360,1917756,55758,673,1236,91.6288941377055,98.3169495261186,1,1,1,1,1,1,1,1,1,1,1,1,1,1,1,1,1,1,1,1,1,1,1,1,1,704,43.7742729187012,6.189,4.22343444824219,1.34593963623047
318,SimBA,DRAGEN 4.0.3 default SimBA_human_t2,DRAGEN 4.0.3 default,DRAGEN 4.0.3 default SimBA,DRAGEN 4.0.3 default human,T2,human T2 R1,DRAGEN,human,0,0,0,0,0,0,0,0,0,0,NA,0,0,NA,100,100,100,100,100,100,100,100,100,100,100,100,0,0,0,0,0,98.6955378276497,97.8140367339137,92.8666651039813,90.3381867411748,18065995,0,1932187,1387697,56291,0,1258,744,18065995,1387697,1932187,56291,744,1258,91.5849776869915,98.2528101654681,1,1,1,1,1,1,1,1,1,1,1,1,1,1,1,1,1,1,1,1,1,1,1,1,1,700,43.5502624511719,6.21983333333333,4.74064636230469,3.64484405517578
319,SimBA,DRAGEN 4.0.3 default SimBA_human_t3,DRAGEN 4.0.3 default,DRAGEN 4.0.3 default SimBA,DRAGEN 4.0.3 default human,T3,human T3 R1,DRAGEN,human,0,0,0,0,0,0,0,0,0,0,NA,0,0,NA,100,100,100,100,100,100,100,100,100,100,100,100,0,0,0,0,0,98.3734237575501,97.7416298168035,92.9046302643875,90.0164076530246,18002565,0,1996639,1374903,55701,0,1287,921,18002565,1374903,1996639,55701,921,1287,91.4377172352199,98.0565091101135,1,1,1,1,1,1,1,1,1,1,1,1,1,1,1,1,1,1,1,1,1,1,1,1,1,693,43.2124328613281,6.23916666666667,5.34072875976562,3.06917572021484
320,SimBA,DRAGEN 4.0.3 default SimBA_malaria_t1,DRAGEN 4.0.3 default,DRAGEN 4.0.3 default SimBA,DRAGEN 4.0.3 default malaria,T1,malaria T1 R1,DRAGEN,malaria,0,0,0,0,0,0,0,0,0,0,NA,0,0,NA,100,100,100,100,100,100,100,100,100,100,100,100,0,0,0,0,0,95.4087979192582,98.8865447726207,92.8533161531867,90.8683242947468,18174161,0,1826385,1398819,8437,0,95,406,18174161,1398819,1826385,8437,406,95,91.8500969562328,97.11654676259,1,1,1,1,1,1,1,1,1,1,1,1,1,1,1,1,1,1,1,1,1,1,1,1,1,430,8.55783462524414,0.727,4.20693969726562,1.67707824707031
321,SimBA,DRAGEN 4.0.3 default SimBA_malaria_t2,DRAGEN 4.0.3 default,DRAGEN 4.0.3 default SimBA,DRAGEN 4.0.3 default malaria,T2,malaria T2 R1,DRAGEN,malaria,0,0,0,0,0,0,0,0,0,0,NA,0,0,NA,100,100,100,100,100,100,100,100,100,100,100,100,0,0,0,0,0,95.3954184413491,97.0602014523308,93.1522501799483,90.391468950328,18078019,0,1921677,1328940,8287,0,251,400,18078019,1328940,1921677,8287,400,251,91.7510963566941,96.2206095791001,1,1,1,1,1,1,1,1,1,1,1,1,1,1,1,1,1,1,1,1,1,1,1,1,1,320,8.17170715332031,1.127,7.77245330810547,0.897285461425781
322,SimBA,DRAGEN 4.0.3 default SimBA_malaria_t3,DRAGEN 4.0.3 default,DRAGEN 4.0.3 default SimBA,DRAGEN 4.0.3 default malaria,T3,malaria T3 R1,DRAGEN,malaria,0,0,0,0,0,0,0,0,0,0,NA,0,0,NA,100,100,100,100,100,100,100,100,100,100,100,100,0,0,0,0,0,90.4152993097205,93.5925969310062,93.5501172726853,89.506581335394,17902308,0,2098800,1234288,7990,0,547,847,17902308,1234288,2098800,7990,847,547,91.4836905097959,91.9765166340509,1,1,1,1,1,1,1,1,1,1,1,1,1,1,1,1,1,1,1,1,1,1,1,1,1,399,8.25337219238281,1.011,10.8939208984375,1.45542144775391
13,Baruzzo,DeepSAP 0.1_MS150 baruzzo_human_t1r2,DeepSAP MS150,DeepSAP MS150 Baruzzo,DeepSAP MS150 human,T1,human T1 R2,DeepSAP,human,0.529046,1.437408,97.853546,0.18,0.51,1.44,98.05,0,99.48,98.04,98.7547509113001,99.45,97.83,98.633348540146,99.7901,97.89,98.8309181247885,98.02,83.0401,89.9103734284914,97.8,86.53,91.820474149623,99.62,98.1701,98.8897357552274,5400,99.79,0,0.01,0.18,NA,NA,NA,NA,0,0,0,0,0,0,0,0,0,0,0,0,0,0,NA,NA,1,1,1,1,1,1,1,1,1,1,1,1,1,1,1,1,1,1,1,1,1,1,1,1,1,0,0.0260047912597656,15.8046666666667,0.000457763671875,0.0056304931640625
14,Baruzzo,DeepSAP 0.1_MS150 baruzzo_human_t1r3,DeepSAP MS150,DeepSAP MS150 Baruzzo,DeepSAP MS150 human,T1,human T1 R3,DeepSAP,human,0.529046,1.437408,97.853546,0.18,0.5,1.44,98.06,0,99.48,98.04,98.7547509113001,99.45,97.83,98.633348540146,99.7901,97.91,98.841110257405,98.0801,83.4401,90.1697260361106,97.73,86.82,91.9525180167976,99.6501,98.22,98.9298819983413,5228,99.79,0.01,0,0.18,NA,NA,NA,NA,0,0,0,0,0,0,0,0,0,0,0,0,0,0,NA,NA,1,1,1,1,1,1,1,1,1,1,1,1,1,1,1,1,1,1,1,1,1,1,1,1,1,0,0.026092529296875,15.6401666666667,0.00045013427734375,0
15,Baruzzo,DeepSAP 0.1_MS150 baruzzo_human_t2r2,DeepSAP MS150,DeepSAP MS150 Baruzzo,DeepSAP MS150 human,T2,human T2 R2,DeepSAP,human,0.678436,1.466619,97.624945,0.23,0.56,1.47,97.97,0,99.42,97.95,98.6795257637939,99.3,97.6,98.4426612493652,99.7601,97.42,98.5761640449518,97.02,80.19,87.8058100558659,96.4601,83.5601,89.5479018689014,99.6601,97.6601,98.6499641902856,5924,99.76,0.01,0.01,0.2,NA,NA,NA,NA,0,0,0,0,0,0,0,0,0,0,0,0,0,0,NA,NA,1,1,1,1,1,1,1,1,1,1,1,1,1,1,1,1,1,1,1,1,1,1,1,1,1,0,0.0265655517578125,16.2273333333333,0.00048065185546875,0.000213623046875
16,Baruzzo,DeepSAP 0.1_MS150 baruzzo_human_t2r3,DeepSAP MS150,DeepSAP MS150 Baruzzo,DeepSAP MS150 human,T2,human T2 R3,DeepSAP,human,0.668459,1.466619,97.634922,0.23,0.56,1.47,97.97,0,99.42,97.95,98.6795257637939,99.31,97.6,98.4475750342796,99.7601,97.39,98.560803560333,97,80.27,87.8455463417386,96.4301,83.6,89.5578723780079,99.64,97.59,98.6043461947979,5829,99.76,0.01,0.01,0.2,NA,NA,NA,NA,0,0,0,0,0,0,0,0,0,0,0,0,0,0,NA,NA,1,1,1,1,1,1,1,1,1,1,1,1,1,1,1,1,1,1,1,1,1,1,1,1,1,0,0.0261154174804688,16.1765,0.00048828125,0.00400543212890625
17,Baruzzo,DeepSAP 0.1_MS150 baruzzo_human_t3r2,DeepSAP MS150,DeepSAP MS150 Baruzzo,DeepSAP MS150 human,T3,human T3 R2,DeepSAP,human,2.030103,1.820421,91.459476,4.69,1.545815,1.904843,96.279342,0.27,98.4,96.24,97.3080147965475,97.71,91.25,94.3695755715495,99.3901,89.13,93.9808499252865,77.87,59.37,67.3730967647916,77.93,61.63,68.8281155058756,99.32,88.6701,93.6933841941677,12373,99.39,0.06,0.06,0.47,NA,NA,NA,NA,0,0,0,0,0,0,0,0,0,0,0,0,0,0,NA,NA,1,1,1,1,1,1,1,1,1,1,1,1,1,1,1,1,1,1,1,1,1,1,1,1,1,0,0.0258445739746094,18.8365,0.00072479248046875,0.00130462646484375
18,Baruzzo,DeepSAP 0.1_MS150 baruzzo_human_t3r3,DeepSAP MS150,DeepSAP MS150 Baruzzo,DeepSAP MS150 human,T3,human T3 R3,DeepSAP,human,2.030103,1.820421,91.459476,4.69,1.54566,1.904652,96.269688,0.28,98.4,96.24,97.3080147965475,97.71,91.25,94.3695755715495,99.4,89.0801,93.9575259138763,78.02,59.52,67.5258164897484,78.15,61.68,68.9450332546664,99.3601,88.85,93.81159549886,12308,99.4,0.06,0.06,0.46,NA,NA,NA,NA,0,0,0,0,0,0,0,0,0,0,0,0,0,0,NA,NA,1,1,1,1,1,1,1,1,1,1,1,1,1,1,1,1,1,1,1,1,1,1,1,1,1,0,0.0264205932617188,18.5133333333333,0.0007476806640625,0
19,Baruzzo,DeepSAP 0.1_MS150 baruzzo_malaria_t1r2,DeepSAP MS150,DeepSAP MS150 Baruzzo,DeepSAP MS150 malaria,T1,malaria T1 R2,DeepSAP,malaria,0.129519,1.39482,98.105661,0.37,0.029982,1.39916,98.510858,0.06,99.96,98.49,99.2195555555555,99.86,98.08,98.9619965646155,99.8901,99.1801,99.5338338637325,98.1701,81.0001,88.7623937129054,96.4401,85.2601,90.5061477093586,99.8701,98.6501,99.2563512630957,993,99.89,0,0,0.1,NA,NA,NA,NA,0,0,0,0,0,0,0,0,0,0,0,0,0,0,NA,NA,1,1,1,1,1,1,1,1,1,1,1,1,1,1,1,1,1,1,1,1,1,1,1,1,1,0,0.0259819030761719,4.57983333333333,3.814697265625e-05,0.00026702880859375
20,Baruzzo,DeepSAP 0.1_MS150 baruzzo_malaria_t1r3,DeepSAP MS150,DeepSAP MS150 Baruzzo,DeepSAP MS150 malaria,T1,malaria T1 R3,DeepSAP,malaria,0.139482,1.39482,98.095698,0.37,0.029982,1.39916,98.510858,0.06,99.95,98.49,99.2146291070349,99.85,98.08,98.9570858384277,99.8901,99.23,99.5589558562898,97.99,81.5401,89.0114181298846,96.2201,84.8301,90.1668234004712,99.8501,98.6401,99.241411908598,1006,99.89,0,0,0.1,NA,NA,NA,NA,0,0,0,0,0,0,0,0,0,0,0,0,0,0,NA,NA,1,1,1,1,1,1,1,1,1,1,1,1,1,1,1,1,1,1,1,1,1,1,1,1,1,0,0.0267295837402344,5.11433333333333,3.0517578125e-05,0.00615692138671875
21,Baruzzo,DeepSAP 0.1_MS150 baruzzo_malaria_t2r2,DeepSAP MS150,DeepSAP MS150 Baruzzo,DeepSAP MS150 malaria,T2,malaria T2 R2,DeepSAP,malaria,0.39824,1.403796,97.757964,0.44,0.049975,1.409295,98.49073,0.05,99.94,98.48,99.2046285656688,99.58,97.72,98.6412326406488,99.8801,98.73,99.3017200333719,96.71,79.55,87.2946839895609,93.8,82,87.5039817974971,99.2701,98.19,98.7270959449529,1013,99.88,0,0,0.1,NA,NA,NA,NA,0,0,0,0,0,0,0,0,0,0,0,0,0,0,NA,NA,1,1,1,1,1,1,1,1,1,1,1,1,1,1,1,1,1,1,1,1,1,1,1,1,1,0,0.0266075134277344,4.71216666666667,4.57763671875e-05,9.1552734375e-05
22,Baruzzo,DeepSAP 0.1_MS150 baruzzo_malaria_t2r3,DeepSAP MS150,DeepSAP MS150 Baruzzo,DeepSAP MS150 malaria,T2,malaria T2 R3,DeepSAP,malaria,0.428108,1.383884,97.748008,0.44,0.049975,1.389305,98.51072,0.05,99.94,98.49,99.2097021619715,99.55,97.72,98.6265118872611,99.8801,98.7701,99.3219988201371,96.4601,79.3301,87.0604775352665,93.8201,81.36,87.1469229210395,99.7601,98.2401,98.9942656624589,1000,99.88,0,0,0.1,NA,NA,NA,NA,0,0,0,0,0,0,0,0,0,0,0,0,0,0,NA,NA,1,1,1,1,1,1,1,1,1,1,1,1,1,1,1,1,1,1,1,1,1,1,1,1,1,0,0.0258941650390625,4.87333333333333,3.814697265625e-05,0.00537109375
23,Baruzzo,DeepSAP 0.1_MS150 baruzzo_malaria_t3r2,DeepSAP MS150,DeepSAP MS150 Baruzzo,DeepSAP MS150 malaria,T3,malaria T3 R2,DeepSAP,malaria,1.953045,1.556775,90.84018,5.65,0.38766,1.6401,97.37224,0.6,99.59,97.35,98.4572610947497,97.76,90.61,94.0493029675638,99.7501,91.06,95.2071625768238,76.96,59.06,66.8321952654021,75.71,59.7,66.7585407281589,93.47,90.7101,92.0693717399437,1896,99.75,0.01,0,0.21,NA,NA,NA,NA,0,0,0,0,0,0,0,0,0,0,0,0,0,0,NA,NA,1,1,1,1,1,1,1,1,1,1,1,1,1,1,1,1,1,1,1,1,1,1,1,1,1,0,0.0258903503417969,5.2125,7.62939453125e-05,0
24,Baruzzo,DeepSAP 0.1_MS150 baruzzo_malaria_t3r3,DeepSAP MS150,DeepSAP MS150 Baruzzo,DeepSAP MS150 malaria,T3,malaria T3 R3,DeepSAP,malaria,1.924332,1.547012,90.858656,5.67,0.377682,1.629996,97.382322,0.61,99.61,97.36,98.4721490582322,97.79,90.64,94.0793461762989,99.7801,90.8801,95.1223744232934,77.54,59.95,67.6197978034766,76.41,60.3701,67.4495681901095,96.3501,90.6901,93.4344617254473,1683,99.78,0.01,0,0.19,NA,NA,NA,NA,0,0,0,0,0,0,0,0,0,0,0,0,0,0,NA,NA,1,1,1,1,1,1,1,1,1,1,1,1,1,1,1,1,1,1,1,1,1,1,1,1,1,0,0.0257835388183594,5.21766666666667,7.62939453125e-05,0
725,Baruzzo,DeepSAP 0.1_MS150 baruzzo_human_t1r1,DeepSAP MS150,DeepSAP MS150 Baruzzo,DeepSAP MS150 human,T1,human T1 R1,DeepSAP,human,0.529046,1.44739,97.843564,0.18,0.5,1.45,98.05,0,99.48,98.03,98.7496774846843,99.45,97.83,98.633348540146,99.8,97.91,98.8459663142987,98.31,83.2,90.1260756983086,97.8801,86.6701,91.9346395182449,99.6601,98.2801,98.9652894562095,5170,99.8,0,0,0.1699,NA,NA,NA,NA,0,0,0,0,0,0,0,0,0,0,0,0,0,0,NA,NA,1,1,1,1,1,1,1,1,1,1,1,1,1,1,1,1,1,1,1,1,1,1,1,1,1,151,31.9338264465332,18.5881666666667,6.78199768066406,5.26655578613281
825,Baruzzo,DeepSAP 0.1_MS150 baruzzo_human_t2r1,DeepSAP MS150,DeepSAP MS150 Baruzzo,DeepSAP MS150 human,T2,human T2 R1,DeepSAP,human,0.678436,1.466619,97.624945,0.23,0.56,1.47,97.97,0,99.42,97.95,98.6795257637939,99.3,97.6,98.4426612493652,99.7701,97.4401,98.5913357525118,96.91,80.2101,87.7727687710203,96.2401,83.36,89.3381989876398,99.64,97.6,98.6094504157372,5485,99.77,0.02,0.01,0.19,NA,NA,NA,NA,0,0,0,0,0,0,0,0,0,0,0,0,0,0,NA,NA,1,1,1,1,1,1,1,1,1,1,1,1,1,1,1,1,1,1,1,1,1,1,1,1,1,153,32.2674827575684,18.3478333333333,7.14022827148438,6.26320648193359
925,Baruzzo,DeepSAP 0.1_MS150 baruzzo_human_t3r1,DeepSAP MS150,DeepSAP MS150 Baruzzo,DeepSAP MS150 human,T3,human T3 R1,DeepSAP,human,2.030103,1.820421,91.459476,4.69,1.545815,1.904843,96.279342,0.27,98.4,96.24,97.3080147965475,97.71,91.25,94.3695755715495,99.3901,89.11,93.9697306367477,77.9201,59.61,67.5461904121352,78.1101,61.5501,68.8483113443916,99.32,88.9001,93.8216261918892,12379,99.39,0.06,0.06,0.47,NA,NA,NA,NA,0,0,0,0,0,0,0,0,0,0,0,0,0,0,NA,NA,1,1,1,1,1,1,1,1,1,1,1,1,1,1,1,1,1,1,1,1,1,1,1,1,1,149,32.8902244567871,21.3103333333333,7.85695648193359,6.55975341796875
1025,Baruzzo,DeepSAP 0.1_MS150 baruzzo_malaria_t1r1,DeepSAP MS150,DeepSAP MS150 Baruzzo,DeepSAP MS150 malaria,T1,malaria T1 R1,DeepSAP,malaria,0.139482,1.384857,98.105661,0.37,0.029982,1.389166,98.520852,0.06,99.95,98.49,99.2146291070349,99.85,98.08,98.9570858384277,99.8801,99.1801,99.5288692165486,98.43,82.1201,89.5383768051084,96.2501,83.46,89.3999095877193,99.8601,98.6,99.2260495686538,1056,99.88,0,0,0.11,NA,NA,NA,NA,0,0,0,0,0,0,0,0,0,0,0,0,0,0,NA,NA,1,1,1,1,1,1,1,1,1,1,1,1,1,1,1,1,1,1,1,1,1,1,1,1,1,181,4.66233062744141,9.22233333333333,5.53052520751953,6.45924377441406
1125,Baruzzo,DeepSAP 0.1_MS150 baruzzo_malaria_t2r1,DeepSAP MS150,DeepSAP MS150 Baruzzo,DeepSAP MS150 malaria,T2,malaria T2 R1,DeepSAP,malaria,0.41811,1.3937,97.73819,0.45,0.049975,1.3993,98.500725,0.05,99.94,98.48,99.2046285656688,99.57,97.71,98.6312317518248,99.8801,98.7801,99.3270545988578,96.2,78.77,86.6168371720866,93.69,81.55,87.1994921250856,99.5,98.2501,98.8710999387611,1008,99.88,0,0,0.1,NA,NA,NA,NA,0,0,0,0,0,0,0,0,0,0,0,0,0,0,NA,NA,1,1,1,1,1,1,1,1,1,1,1,1,1,1,1,1,1,1,1,1,1,1,1,1,1,190,4.7701530456543,8.646,6.01127624511719,3.24510192871094
1225,Baruzzo,DeepSAP 0.1_MS150 baruzzo_malaria_t3r1,DeepSAP MS150,DeepSAP MS150 Baruzzo,DeepSAP MS150 malaria,T3,malaria T3 R1,DeepSAP,malaria,1.971706,1.547176,90.821118,5.66,0.38766,1.63016,97.38218,0.6,99.59,97.35,98.4572610947497,97.74,90.59,94.0292741464451,99.8,91.15,95.2790782927468,77.54,59.69,67.4540931283247,75.6,59.5,66.5906735751295,94.86,90.6901,92.7281945523069,1601,99.8,0,0,0.18,NA,NA,NA,NA,0,0,0,0,0,0,0,0,0,0,0,0,0,0,NA,NA,1,1,1,1,1,1,1,1,1,1,1,1,1,1,1,1,1,1,1,1,1,1,1,1,1,187,4.81535339355469,9.45216666666667,6.51528167724609,3.15009307861328
3135,SimBA,DeepSAP v1.9-6-24 MS SimBA_human_t1,DeepSAP MS150,DeepSAP MS150 SimBA,DeepSAP MS150 human,T1,human T1 R1,DeepSAP,human,0,0,0,0,0,0,0,0,0,0,NA,0,0,NA,100,100,100,100,100,100,100,100,100,100,100,100,0,0,0,0,0,98.5378790522386,99.0911323999017,92.8498450599117,91.1196323772783,18224783,0,1776157,1403449,56476,0,518,838,18224783,1403449,1776157,56476,838,518,91.9766024886919,98.8137313223921,1,1,1,1,1,1,1,1,1,1,1,1,1,1,1,1,1,1,1,1,1,1,1,1,1,168,30.2764778137207,19.1021666666667,7.03525543212891,6.33622741699219
3225,SimBA,DeepSAP v1.9-6-24 MS SimBA_human_t2,DeepSAP MS150,DeepSAP MS150 SimBA,DeepSAP MS150 human,T2,human T2 R1,DeepSAP,human,0,0,0,0,0,0,0,0,0,0,NA,0,0,NA,100,100,100,100,100,100,100,100,100,100,100,100,0,0,0,0,0,98.3794616633841,98.9487219586787,92.8726174191326,91.1816434113861,18234671,0,1763511,1399395,56944,0,605,938,18234671,1399395,1763511,56944,938,605,92.0193626160192,98.6632706985125,1,1,1,1,1,1,1,1,1,1,1,1,1,1,1,1,1,1,1,1,1,1,1,1,1,165,30.3178367614746,19.7458333333333,7.0841064453125,6.24192047119141
3325,SimBA,DeepSAP v1.9-6-24 MS SimBA_human_t3,DeepSAP MS150,DeepSAP MS150 SimBA,DeepSAP MS150 human,T3,human T3 R1,DeepSAP,human,0,0,0,0,0,0,0,0,0,0,NA,0,0,NA,100,100,100,100,100,100,100,100,100,100,100,100,0,0,0,0,0,98.0277231855575,98.9032778830631,92.8524463235262,91.2653073592329,18252335,0,1746869,1405020,56363,0,625,1134,18252335,1405020,1746869,56363,1134,625,92.0520360831105,98.4635541774031,1,1,1,1,1,1,1,1,1,1,1,1,1,1,1,1,1,1,1,1,1,1,1,1,1,167,30.3293952941895,19.8046666666667,7.12511444091797,7.17510986328125
3425,SimBA,DeepSAP v1.9-6-24 MS SimBA_malaria_t1,DeepSAP MS150,DeepSAP MS150 SimBA,DeepSAP MS150 malaria,T1,malaria T1 R1,DeepSAP,malaria,0,0,0,0,0,0,0,0,0,0,NA,0,0,NA,100,100,100,100,100,100,100,100,100,100,100,100,0,0,0,0,0,98.2884237307737,99.6132208157525,92.7439575555319,91.1243723046361,18225372,0,1775174,1425905,8499,0,33,148,18225372,1425905,1775174,8499,148,33,91.927031955126,98.9463880318994,1,1,1,1,1,1,1,1,1,1,1,1,1,1,1,1,1,1,1,1,1,1,1,1,1,190,4.72356414794922,11.1153333333333,6.5419921875,3.17753601074219
3525,SimBA,DeepSAP v1.9-6-24 MS SimBA_malaria_t2,DeepSAP MS150,DeepSAP MS150 SimBA,DeepSAP MS150 malaria,T2,malaria T2 R1,DeepSAP,malaria,0,0,0,0,0,0,0,0,0,0,NA,0,0,NA,100,100,100,100,100,100,100,100,100,100,100,100,0,0,0,0,0,96.2569316081331,97.5872569688452,92.8737984896063,91.0892895572013,18217581,0,1782115,1397834,8332,0,206,324,18217581,1397834,1782115,8332,324,206,91.9728888302244,96.9175293707107,1,1,1,1,1,1,1,1,1,1,1,1,1,1,1,1,1,1,1,1,1,1,1,1,1,190,4.77967834472656,11.4603333333333,6.68133544921875,3.22815704345703
3625,SimBA,DeepSAP v1.9-6-24 MS SimBA_malaria_t3,DeepSAP MS150,DeepSAP MS150 SimBA,DeepSAP MS150 malaria,T3,malaria T3 R1,DeepSAP,malaria,0,0,0,0,0,0,0,0,0,0,NA,0,0,NA,100,100,100,100,100,100,100,100,100,100,100,100,0,0,0,0,0,94.1710296684119,94.8108234742884,93.1599475381152,90.9318573751014,18187379,0,1813729,1335366,8094,0,443,501,18187379,1335366,1813729,8094,501,443,92.032419005303,94.4898435675928,1,1,1,1,1,1,1,1,1,1,1,1,1,1,1,1,1,1,1,1,1,1,1,1,1,189,4.73523712158203,11.9668333333333,6.94439697265625,3.43740844726562
37,Baruzzo,HISAT2 2.2.1 default baruzzo_human_t1r2,HISAT2 2.2.1 default,HISAT2 2.2.1 default Baruzzo,HISAT2 2.2.1 default human,T1,human T1 R2,HISAT2,human,0.1491,2.27626,96.97464,0.6,0.129402,2.279466,97.131132,0.46,99.86,97.1,98.4606620633631,99.83,96.94,98.3637769985262,99.5,94.8101,97.0984519075437,98.52,64.03,77.6159409412488,98.73,67.24,79.9976525878171,99.4901,95.36,97.3812785931339,12464,99.5,0.02,0.02,0.44,NA,NA,NA,NA,0,0,0,0,0,0,0,0,0,0,0,0,0,0,NA,NA,1,1,1,1,1,1,1,1,1,1,1,1,1,1,1,1,1,1,1,1,1,1,1,1,1,2188,5.68566131591797,1.398,13.0890502929688,4.296630859375
38,Baruzzo,HISAT2 2.2.1 default baruzzo_human_t1r3,HISAT2 2.2.1 default,HISAT2 2.2.1 default Baruzzo,HISAT2 2.2.1 default human,T1,human T1 R3,HISAT2,human,0.1491,2.26632,96.98458,0.6,0.129402,2.269512,97.141086,0.46,99.86,97.11,98.4658029141494,99.83,96.95,98.3689246874682,99.5,94.88,97.1350962033131,98.6401,64.86,78.260464501245,98.8501,67.25,80.0441327247846,99.52,95.5401,97.4894481444437,12443,99.5,0.02,0.02,0.44,NA,NA,NA,NA,0,0,0,0,0,0,0,0,0,0,0,0,0,0,NA,NA,1,1,1,1,1,1,1,1,1,1,1,1,1,1,1,1,1,1,1,1,1,1,1,1,1,2187,5.6600227355957,1.40083333333333,13.0910415649414,4.30002593994141
39,Baruzzo,HISAT2 2.2.1 default baruzzo_human_t2r2,HISAT2 2.2.1 default,HISAT2 2.2.1 default Baruzzo,HISAT2 2.2.1 default human,T2,human T2 R2,HISAT2,human,0.224976,2.193516,91.321508,6.26,0.169056,2.197728,91.553216,6.08,99.8,91.39,95.4100319054344,99.73,91.15,95.2471657585918,98.9901,83.87,90.804934340515,97.81,40.28,57.0611456296618,97.8501,41.6801,58.4590569354878,98.7401,84.29,90.944637291899,22602,98.99,0.05,0.03,0.91,NA,NA,NA,NA,0,0,0,0,0,0,0,0,0,0,0,0,0,0,NA,NA,1,1,1,1,1,1,1,1,1,1,1,1,1,1,1,1,1,1,1,1,1,1,1,1,1,2224,5.72991561889648,1.86083333333333,12.9532470703125,4.29829406738281
40,Baruzzo,HISAT2 2.2.1 default baruzzo_human_t2r3,HISAT2 2.2.1 default,HISAT2 2.2.1 default Baruzzo,HISAT2 2.2.1 default human,T2,human T2 R3,HISAT2,human,0.225,2.19375,91.33125,6.25,0.159681,2.197962,91.572357,6.07,99.8,91.4,95.4154811715481,99.73,91.16,95.252625072031,99.03,83.86,90.8158543386735,97.9501,40.26,57.0648747956915,97.91,41.36,58.1540547138652,98.7501,83.61,90.5515610158143,21756,99.03,0.05,0.03,0.8699,NA,NA,NA,NA,0,0,0,0,0,0,0,0,0,0,0,0,0,0,NA,NA,1,1,1,1,1,1,1,1,1,1,1,1,1,1,1,1,1,1,1,1,1,1,1,1,1,1654,5.68405151367188,2.51383333333333,12.9485778808594,14.5680160522461
41,Baruzzo,HISAT2 2.2.1 default baruzzo_human_t3r2,HISAT2 2.2.1 default,HISAT2 2.2.1 default Baruzzo,HISAT2 2.2.1 default human,T3,human T3 R2,HISAT2,human,0.030823,0.26081,23.418367,76.29,0.026345,0.26345,23.660205,76.05,99.49,22.72,36.9922723181409,99.42,22.47,36.6554664041349,92.4101,5.7,10.7376828685324,95.28,0.870000000000005,1.72425585023402,96.09,0.880099999999999,1.74422443619218,79.74,5.6001,10.4652320304288,13482,92.41,0.06,0.06,7.45,NA,NA,NA,NA,0,0,0,0,0,0,0,0,0,0,0,0,0,0,NA,NA,1,1,1,1,1,1,1,1,1,1,1,1,1,1,1,1,1,1,1,1,1,1,1,1,1,2270,5.66760635375977,2.52516666666667,10.0289764404297,4.301025390625
42,Baruzzo,HISAT2 2.2.1 default baruzzo_human_t3r3,HISAT2 2.2.1 default,HISAT2 2.2.1 default Baruzzo,HISAT2 2.2.1 default human,T3,human T3 R3,HISAT2,human,0.030849,0.258657,23.440494,76.27,0.026356,0.261164,23.67248,76.04,99.49,22.74,37.0187777141455,99.42,22.49,36.6820736608974,92.5001,5.72,10.7737738405886,95.3,0.880099999999999,1.74409321678809,95.9,0.870000000000005,1.72435672212463,79.43,5.52,10.3226274278988,13322,92.5,0.06,0.06,7.36,NA,NA,NA,NA,0,0,0,0,0,0,0,0,0,0,0,0,0,0,NA,NA,1,1,1,1,1,1,1,1,1,1,1,1,1,1,1,1,1,1,1,1,1,1,1,1,1,2271,5.64456558227539,2.52916666666667,10.0275955200195,4.29660797119141
43,Baruzzo,HISAT2 2.2.1 default baruzzo_malaria_t1r2,HISAT2 2.2.1 default,HISAT2 2.2.1 default Baruzzo,HISAT2 2.2.1 default malaria,T1,malaria T1 R2,HISAT2,malaria,0.069223,1.948133,96.872644,1.11,0.009913,1.952861,97.167226,0.87,99.98,97.13,98.5343960225255,99.92,96.83,98.35073545108,97.7701,95.1501,96.4423092243321,98.72,61.56,75.8323334165211,94.9501,64.14,76.5616391466219,65.81,96.5401,78.2667085637767,20643,97.77,0,0.01,2.21,NA,NA,NA,NA,0,0,0,0,0,0,0,0,0,0,0,0,0,0,NA,NA,1,1,1,1,1,1,1,1,1,1,1,1,1,1,1,1,1,1,1,1,1,1,1,1,1,2261,0.190925598144531,0.952333333333333,12.7013549804688,0.0002288818359375
44,Baruzzo,HISAT2 2.2.1 default baruzzo_malaria_t1r3,HISAT2 2.2.1 default,HISAT2 2.2.1 default Baruzzo,HISAT2 2.2.1 default malaria,T1,malaria T1 R3,HISAT2,malaria,0.079104,1.938048,96.862848,1.12,0.009912,1.942752,97.167336,0.88,99.98,97.12,98.5292501268392,99.9,96.81,98.3307305170047,97.5601,95.1301,96.3297777365948,98.5401,62.93,76.8083811553966,95.0201,64.74,77.0104835187259,45.08,96.49,61.4504372395281,22647,97.56,0,0,2.4299,NA,NA,NA,NA,0,0,0,0,0,0,0,0,0,0,0,0,0,0,NA,NA,1,1,1,1,1,1,1,1,1,1,1,1,1,1,1,1,1,1,1,1,1,1,1,1,1,2197,0.191791534423828,1.41483333333333,12.7006378173828,2.37758636474609
45,Baruzzo,HISAT2 2.2.1 default baruzzo_malaria_t2r2,HISAT2 2.2.1 default,HISAT2 2.2.1 default Baruzzo,HISAT2 2.2.1 default malaria,T2,malaria T2 R2,HISAT2,malaria,0.193556,1.662822,86.123622,12.02,0.035308,1.668303,86.566389,11.73,99.94,86.32,92.6320283474713,99.74,85.85,92.2752195700199,96.29,84.5301,90.0276388410359,97.7801,39.76,56.5324116530379,96.2501,39.41,55.9223594999561,29.12,85.63,43.4604897603486,30812,96.2899,0.02,0,3.67,NA,NA,NA,NA,0,0,0,0,0,0,0,0,0,0,0,0,0,0,NA,NA,1,1,1,1,1,1,1,1,1,1,1,1,1,1,1,1,1,1,1,1,1,1,1,1,1,2251,0.217395782470703,1.06566666666667,12.3865203857422,8.392333984375e-05
46,Baruzzo,HISAT2 2.2.1 default baruzzo_malaria_t2r3,HISAT2 2.2.1 default,HISAT2 2.2.1 default Baruzzo,HISAT2 2.2.1 default malaria,T2,malaria T2 R3,HISAT2,malaria,0.202538,1.62911,86.228352,11.94,0.035344,1.63466,86.689996,11.64,99.94,86.44,92.7010795149694,99.73,85.97,92.3402057081314,95.41,84.2401,89.4778009141103,97.7701,39.93,56.7023566867417,96.3301,39.57,56.0968249029986,26.66,85.7,40.6686009255963,38635,95.41,0,0,4.5699,NA,NA,NA,NA,0,0,0,0,0,0,0,0,0,0,0,0,0,0,NA,NA,1,1,1,1,1,1,1,1,1,1,1,1,1,1,1,1,1,1,1,1,1,1,1,1,1,2253,0.219467163085938,1.06433333333333,12.3761520385742,0
47,Baruzzo,HISAT2 2.2.1 default baruzzo_malaria_t3r2,HISAT2 2.2.1 default,HISAT2 2.2.1 default Baruzzo,HISAT2 2.2.1 default malaria,T3,malaria T3 R2,HISAT2,malaria,0.001216,0.012768,6.066016,93.92,0,0.012852,6.10714800000001,93.88,99.88,5.89,11.1240086981186,99.59,5.83,11.0151716941757,94.56,6.01,11.3016923535846,96.09,0.829999999999998,1.64578415187783,94.78,0.799999999999997,1.58660807700355,12.51,6.09,8.19203225806452,3288,94.56,0.01,0.02,5.4,NA,NA,NA,NA,0,0,0,0,0,0,0,0,0,0,0,0,0,0,NA,NA,1,1,1,1,1,1,1,1,1,1,1,1,1,1,1,1,1,1,1,1,1,1,1,1,1,2286,0.156864166259766,1.1495,9.15695190429688,0.11602783203125
48,Baruzzo,HISAT2 2.2.1 default baruzzo_malaria_t3r3,HISAT2 2.2.1 default,HISAT2 2.2.1 default Baruzzo,HISAT2 2.2.1 default malaria,T3,malaria T3 R3,HISAT2,malaria,0.001226,0.013486,6.115288,93.87,0,0.013596,6.16640400000001,93.82,99.88,5.94,11.2131392931393,99.61,5.88,11.104499004645,94.4101,5.69,10.7331255213531,95.9301,0.859999999999999,1.70471744527591,95.18,0.810000000000002,1.60632982602355,11.1801,5.86,7.68955416928304,3166,94.41,0.0699,0.02,5.4899,NA,NA,NA,NA,0,0,0,0,0,0,0,0,0,0,0,0,0,0,NA,NA,1,1,1,1,1,1,1,1,1,1,1,1,1,1,1,1,1,1,1,1,1,1,1,1,1,2296,0.1640625,1.1485,9.16011047363281,0.0007476806640625
209,Baruzzo,HISAT2 2.2.1 default baruzzo_human_t1r1,HISAT2 2.2.1 default,HISAT2 2.2.1 default Baruzzo,HISAT2 2.2.1 default human,T1,human T1 R1,HISAT2,human,0.149115,2.276489,96.984396,0.59,0.119448,2.279466,97.141086,0.46,99.86,97.1,98.4606620633631,99.83,96.95,98.3689246874682,99.4901,94.8201,97.0989812270277,98.6701,64.5901,78.0730591535475,98.8,67.21,79.999373531715,99.4701,95.5201,97.455091579064,12607,99.49,0.02,0.02,0.45,NA,NA,NA,NA,0,0,0,0,0,0,0,0,0,0,0,0,0,0,NA,NA,1,1,1,1,1,1,1,1,1,1,1,1,1,1,1,1,1,1,1,1,1,1,1,1,1,1996,5.64521408081055,1.50933333333333,13.089729309082,10.9951019287109
210,Baruzzo,HISAT2 2.2.1 default baruzzo_human_t2r1,HISAT2 2.2.1 default,HISAT2 2.2.1 default Baruzzo,HISAT2 2.2.1 default human,T2,human T2 R1,HISAT2,human,0.224952,2.183909,91.321139,6.27,0.159647,2.188103,91.56225,6.09,99.8,91.39,95.4100319054344,99.73,91.15,95.2471657585918,99.04,83.9,90.8435115338362,97.93,40.19,56.9911193165363,97.8701,41.41,58.196409120901,98.82,84.32,90.9959855847985,21343,99.0399,0.05,0.03,0.85,NA,NA,NA,NA,0,0,0,0,0,0,0,0,0,0,0,0,0,0,NA,NA,1,1,1,1,1,1,1,1,1,1,1,1,1,1,1,1,1,1,1,1,1,1,1,1,1,2035,5.73149871826172,2.0555,12.9524917602539,4.31310272216797
211,Baruzzo,HISAT2 2.2.1 default baruzzo_human_t3r1,HISAT2 2.2.1 default,HISAT2 2.2.1 default Baruzzo,HISAT2 2.2.1 default human,T3,human T3 R1,HISAT2,human,0.030836,0.258548,23.430616,76.28,0.026356,0.261164,23.67248,76.04,99.48,22.73,37.004834301612,99.41,22.48,36.6680909016326,92.44,5.69,10.7201385916641,95.1501,0.880099999999999,1.74406807462652,95.9601,0.849999999999994,1.68507387142456,79.68,5.63,10.5169007150393,13355,92.44,0.0699,0.0699,7.4,NA,NA,NA,NA,0,0,0,0,0,0,0,0,0,0,0,0,0,0,NA,NA,1,1,1,1,1,1,1,1,1,1,1,1,1,1,1,1,1,1,1,1,1,1,1,1,1,2058,5.64650726318359,2.80133333333333,10.0268936157227,4.29538726806641
212,Baruzzo,HISAT2 2.2.1 default baruzzo_malaria_t1r1,HISAT2 2.2.1 default,HISAT2 2.2.1 default Baruzzo,HISAT2 2.2.1 default malaria,T1,malaria T1 R1,HISAT2,malaria,0.07908,1.93746,96.83346,1.15,0.009909,1.942164,97.137927,0.91,99.98,97.1,98.5189567688248,99.91,96.79,98.3252557193696,97.51,94.7101,96.0896581679023,98.3701,61.38,75.5925253004536,94.7501,63.44,75.9964921192919,45.65,96.28,61.9345029239766,22897,97.5099,0.01,0.01,2.46,NA,NA,NA,NA,0,0,0,0,0,0,0,0,0,0,0,0,0,0,NA,NA,1,1,1,1,1,1,1,1,1,1,1,1,1,1,1,1,1,1,1,1,1,1,1,1,1,2074,0.18536376953125,0.926,12.6955947875977,0
213,Baruzzo,HISAT2 2.2.1 default baruzzo_malaria_t2r1,HISAT2 2.2.1 default,HISAT2 2.2.1 default Baruzzo,HISAT2 2.2.1 default malaria,T2,malaria T2 R1,HISAT2,malaria,0.202239,1.653084,86.074677,12.07,0.035292,1.658724,86.535984,11.77,99.94,86.28,92.6089915154119,99.73,85.81,92.2478311954295,95.66,84.0301,89.4686948919278,97.62,39.02,55.7542798594848,96.17,39.36,55.8584992252638,29.5701,85.3601,43.9241677646084,35630,95.66,0.0699,0.01,4.24,NA,NA,NA,NA,0,0,0,0,0,0,0,0,0,0,0,0,0,0,NA,NA,1,1,1,1,1,1,1,1,1,1,1,1,1,1,1,1,1,1,1,1,1,1,1,1,1,2084,0.217849731445312,1.14566666666667,12.3786010742188,0.0994949340820312
214,Baruzzo,HISAT2 2.2.1 default baruzzo_malaria_t3r1,HISAT2 2.2.1 default,HISAT2 2.2.1 default Baruzzo,HISAT2 2.2.1 default malaria,T3,malaria T3 R1,HISAT2,malaria,0.001214,0.013354,6.05543199999999,93.93,0,0.013442,6.096558,93.89,99.89,5.88,11.1062342819325,99.6,5.81,10.9795275590551,94.07,5.74,10.8197936078549,96.1301,0.819999999999993,1.62612894674682,94.9301,0.790099999999995,1.56715660874088,12.21,5.7101,7.78124240378123,3441,94.0699,0.02,0.03,5.87,NA,NA,NA,NA,0,0,0,0,0,0,0,0,0,0,0,0,0,0,NA,NA,1,1,1,1,1,1,1,1,1,1,1,1,1,1,1,1,1,1,1,1,1,1,1,1,1,2081,0.1590576171875,1.26483333333333,9.15562438964844,0
389,SimBA,HISAT2 2.2.1 default SimBA_human_t1,HISAT2 2.2.1 default,HISAT2 2.2.1 default SimBA,HISAT2 2.2.1 default human,T1,human T1 R1,HISAT2,human,0,0,0,0,0,0,0,0,0,0,NA,0,0,NA,100,100,100,100,100,100,100,100,100,100,100,100,0,0,0,0,0,93.7145612663995,98.8858476330842,92.7338359561223,87.8608555397896,17572997,0,2427943,1376933,56359,0,635,3780,17572997,1376933,2427943,56359,3780,635,90.2316020155647,96.2307803949357,1,1,1,1,1,1,1,1,1,1,1,1,1,1,1,1,1,1,1,1,1,1,1,1,1,1982,5.53690719604492,1.49416666666667,14.5101776123047,10.2657165527344
390,SimBA,HISAT2 2.2.1 default SimBA_human_t2,HISAT2 2.2.1 default,HISAT2 2.2.1 default SimBA,HISAT2 2.2.1 default human,T2,human T2 R1,HISAT2,human,0,0,0,0,0,0,0,0,0,0,NA,0,0,NA,100,100,100,100,100,100,100,100,100,100,100,100,0,0,0,0,0,92.9481816839723,98.4621800552573,92.7456797307555,85.8185059021865,17162141,0,2836041,1342377,56664,0,885,4299,17162141,1342377,2836041,56664,4299,885,89.1477273022412,95.6257594167679,1,1,1,1,1,1,1,1,1,1,1,1,1,1,1,1,1,1,1,1,1,1,1,1,1,1917,5.57311630249023,1.66333333333333,14.4594116210938,16.5950622558594
391,SimBA,HISAT2 2.2.1 default SimBA_human_t3,HISAT2 2.2.1 default,HISAT2 2.2.1 default SimBA,HISAT2 2.2.1 default human,T3,human T3 R1,HISAT2,human,0,0,0,0,0,0,0,0,0,0,NA,0,0,NA,100,100,100,100,100,100,100,100,100,100,100,100,0,0,0,0,0,91.5180477551154,97.7907629676423,92.6825439721442,81.6614001237249,16331630,0,3667574,1289412,55729,0,1259,5165,16331630,1289412,3667574,55729,5165,1259,86.823621514862,94.5504826860759,1,1,1,1,1,1,1,1,1,1,1,1,1,1,1,1,1,1,1,1,1,1,1,1,1,2072,5.58940505981445,1.70016666666667,14.4091796875,10.2530899047852
392,SimBA,HISAT2 2.2.1 default SimBA_malaria_t1,HISAT2 2.2.1 default,HISAT2 2.2.1 default SimBA,HISAT2 2.2.1 default malaria,T1,malaria T1 R1,HISAT2,malaria,0,0,0,0,0,0,0,0,0,0,NA,0,0,NA,100,100,100,100,100,100,100,100,100,100,100,100,0,0,0,0,0,87.1771217712177,99.6835443037975,92.785342122108,87.7523293614084,17550945,0,2449601,1364699,8505,0,27,1251,17550945,1364699,2449601,8505,1251,27,90.1986808061118,93.011811023622,1,1,1,1,1,1,1,1,1,1,1,1,1,1,1,1,1,1,1,1,1,1,1,1,1,2082,0.186126708984375,1.38333333333333,13.7225112915039,0
393,SimBA,HISAT2 2.2.1 default SimBA_malaria_t2,HISAT2 2.2.1 default,HISAT2 2.2.1 default SimBA,HISAT2 2.2.1 default malaria,T2,malaria T2 R1,HISAT2,malaria,0,0,0,0,0,0,0,0,0,0,NA,0,0,NA,100,100,100,100,100,100,100,100,100,100,100,100,0,0,0,0,0,67.003504196887,96.2988990395877,92.5204451053874,69.8118911407453,13962166,0,6037530,1128732,8222,0,316,4049,13962166,1128732,6037530,8222,4049,316,79.5778264682553,79.0234994473545,1,1,1,1,1,1,1,1,1,1,1,1,1,1,1,1,1,1,1,1,1,1,1,1,1,2071,0.24981689453125,1.42183333333333,13.2808837890625,6.103515625e-05
394,SimBA,HISAT2 2.2.1 default SimBA_malaria_t3,HISAT2 2.2.1 default,HISAT2 2.2.1 default SimBA,HISAT2 2.2.1 default malaria,T3,malaria T3 R1,HISAT2,malaria,0,0,0,0,0,0,0,0,0,0,NA,0,0,NA,100,100,100,100,100,100,100,100,100,100,100,100,0,0,0,0,0,69.434247462751,75.3309124985358,91.6690007697758,33.5444766359944,6709267,0,13291841,609747,6431,0,2106,2831,6709267,609747,13291841,6431,2831,2106,49.1159373300017,72.2624866565537,1,1,1,1,1,1,1,1,1,1,1,1,1,1,1,1,1,1,1,1,1,1,1,1,1,2080,0.221878051757812,1.5115,11.8362197875977,0
49,Baruzzo,STAR 2.7.10a default baruzzo_human_t1r2,STAR 2.7.10a default,STAR 2.7.10a default Baruzzo,STAR 2.7.10a default human,T1,human T1 R2,STAR,human,0.14946,1.903124,97.587416,0.36,0.089856,1.906944,97.8432,0.16,99.9,97.81,98.8439532648829,99.84,97.56,98.6868328267477,99.92,92.28,95.9481540062435,98.0501,61.01,75.217312210919,98.19,71.5,82.746007425305,99.64,92.4001,95.8835781068641,1494,99.92,0.01,0,0.05,NA,NA,NA,NA,0,0,0,0,0,0,0,0,0,0,0,0,0,0,NA,NA,1,1,1,1,1,1,1,1,1,1,1,1,1,1,1,1,1,1,1,1,1,1,1,1,1,1291,30.171501159668,1.30216666666667,7.27943420410156,18.7827682495117
50,Baruzzo,STAR 2.7.10a default baruzzo_human_t1r3,STAR 2.7.10a default,STAR 2.7.10a default Baruzzo,STAR 2.7.10a default human,T1,human T1 R3,STAR,human,0.139496,1.913088,97.587416,0.36,0.089856,1.916928,97.833216,0.16,99.9,97.81,98.8439532648829,99.84,97.57,98.6919487361329,99.92,92.36,95.9913792386103,97.93,60.9801,75.1592402622615,98.11,71.9,82.9846361978707,99.63,92.5301,95.9488870270155,1437,99.92,0.01,0,0.05,NA,NA,NA,NA,0,0,0,0,0,0,0,0,0,0,0,0,0,0,NA,NA,1,1,1,1,1,1,1,1,1,1,1,1,1,1,1,1,1,1,1,1,1,1,1,1,1,1262,30.1740646362305,1.32316666666667,7.28053283691406,23.3448181152344
51,Baruzzo,STAR 2.7.10a default baruzzo_human_t2r2,STAR 2.7.10a default,STAR 2.7.10a default Baruzzo,STAR 2.7.10a default human,T2,human T2 R2,STAR,human,0.39664,2.18152,96.58184,0.84,0.129636,2.19384,97.396524,0.28,99.85,97.36,98.5892804624512,99.58,96.54,98.03643891495,99.7901,87.7601,93.3892808966346,95.4401,51.74,67.1024244989642,95.3401,61.5901,74.8358989284408,98.5801,88.02,93.001240642422,3836,99.79,0.03,0.02,0.1399,NA,NA,NA,NA,0,0,0,0,0,0,0,0,0,0,0,0,0,0,NA,NA,1,1,1,1,1,1,1,1,1,1,1,1,1,1,1,1,1,1,1,1,1,1,1,1,1,1135,30.1717109680176,2.10683333333333,7.30293273925781,56.311767578125
52,Baruzzo,STAR 2.7.10a default baruzzo_human_t2r3,STAR 2.7.10a default,STAR 2.7.10a default Baruzzo,STAR 2.7.10a default human,T2,human T2 R3,STAR,human,0.39664,2.18152,96.58184,0.84,0.129623,2.19362,97.386757,0.29,99.85,97.36,98.5892804624512,99.58,96.54,98.03643891495,99.8,87.73,93.3765690822802,95.4,51.7,67.0588715159755,95.28,61.5,74.7508610792193,98.59,87.7901,92.8771468520513,3688,99.8,0.02,0.02,0.1399,NA,NA,NA,NA,0,0,0,0,0,0,0,0,0,0,0,0,0,0,NA,NA,1,1,1,1,1,1,1,1,1,1,1,1,1,1,1,1,1,1,1,1,1,1,1,1,1,625,30.1774673461914,3.87683333333333,7.3033447265625,57.0664138793945
53,Baruzzo,STAR 2.7.10a default baruzzo_human_t3r2,STAR 2.7.10a default,STAR 2.7.10a default Baruzzo,STAR 2.7.10a default human,T3,human T3 R2,STAR,human,0.661836,1.701864,76.4263,21.21,0.301716,1.810296,81.697988,16.19,99.55,81.27,89.4859915938502,98.89,75.76,85.7933741769253,98.9701,40.12,57.0950831439477,83.48,13.62,23.4191060762101,82.35,16.06,26.8781831114724,85.31,39.61,54.1006900416266,10913,98.97,0.05,0.04,0.91,NA,NA,NA,NA,0,0,0,0,0,0,0,0,0,0,0,0,0,0,NA,NA,1,1,1,1,1,1,1,1,1,1,1,1,1,1,1,1,1,1,1,1,1,1,1,1,1,1220,30.1474800109863,3.60716666666667,6.19553375244141,56.748420715332
54,Baruzzo,STAR 2.7.10a default baruzzo_human_t3r3,STAR 2.7.10a default,STAR 2.7.10a default Baruzzo,STAR 2.7.10a default human,T3,human T3 R3,STAR,human,0.661584,1.709092,76.389324,21.24,0.29323,1.818026,81.668744,16.22,99.56,81.24,89.4718407079646,98.89,75.73,85.7741346924751,98.9501,40.19,57.1625939466768,83.46,13.64,23.4478764160659,82.25,15.97,26.7467420077377,85.29,39.8,54.2735950115917,11113,98.95,0.05,0.04,0.93,NA,NA,NA,NA,0,0,0,0,0,0,0,0,0,0,0,0,0,0,NA,NA,1,1,1,1,1,1,1,1,1,1,1,1,1,1,1,1,1,1,1,1,1,1,1,1,1,1781,30.1454734802246,2.44866666666667,6.19361877441406,15.7020645141602
55,Baruzzo,STAR 2.7.10a default baruzzo_malaria_t1r2,STAR 2.7.10a default,STAR 2.7.10a default Baruzzo,STAR 2.7.10a default malaria,T1,malaria T1 R2,STAR,malaria,0.109604,2.132296,97.3981,0.36,0,2.138288,97.781712,0.08,99.99,97.76,98.8624262958281,99.88,97.37,98.6090301647655,99.62,94,96.728437144923,97.8601,65.12,78.2015683141684,97.31,73.7601,83.9140835365152,22.5701,93.5101,36.3633472032267,3075,99.62,0,0.02,0.3399,NA,NA,NA,NA,0,0,0,0,0,0,0,0,0,0,0,0,0,0,NA,NA,1,1,1,1,1,1,1,1,1,1,1,1,1,1,1,1,1,1,1,1,1,1,1,1,1,2115,3.66819381713867,1.61333333333333,7.12316131591797,4.00669097900391
56,Baruzzo,STAR 2.7.10a default baruzzo_malaria_t1r3,STAR 2.7.10a default,STAR 2.7.10a default Baruzzo,STAR 2.7.10a default malaria,T1,malaria T1 R3,STAR,malaria,0.119556,2.142045,97.368399,0.37,0,2.14828,97.77172,0.08,99.99,97.75,98.8573126327501,99.87,97.34,98.5887713604787,99.6901,94.1201,96.8250606109482,97.8,64.2701,77.5666304889057,97.41,73.62,83.8604244869321,24.5401,93.59,38.8843818637248,2691,99.69,0,0,0.29,NA,NA,NA,NA,0,0,0,0,0,0,0,0,0,0,0,0,0,0,NA,NA,1,1,1,1,1,1,1,1,1,1,1,1,1,1,1,1,1,1,1,1,1,1,1,1,1,1989,3.66875457763672,1.7195,7.12473297119141,0.482513427734375
57,Baruzzo,STAR 2.7.10a default baruzzo_malaria_t2r2,STAR 2.7.10a default,STAR 2.7.10a default Baruzzo,STAR 2.7.10a default malaria,T2,malaria T2 R2,STAR,malaria,0.64454,3.202868,95.312592,0.84,0,3.225155,96.624845,0.15,99.99,96.61,98.2709450661241,99.31,95.27,97.2480594100113,98.4401,90.84,94.4874678743302,95.27,57.2201,71.4978733307933,93.9301,65.39,77.1037582702998,5.05,90.3001,9.56507659666848,13376,98.44,0.01,0.02,1.51,NA,NA,NA,NA,0,0,0,0,0,0,0,0,0,0,0,0,0,0,NA,NA,1,1,1,1,1,1,1,1,1,1,1,1,1,1,1,1,1,1,1,1,1,1,1,1,1,2166,3.66974639892578,5.37133333333333,7.23233032226562,3.24935150146484
58,Baruzzo,STAR 2.7.10a default baruzzo_malaria_t2r3,STAR 2.7.10a default,STAR 2.7.10a default Baruzzo,STAR 2.7.10a default malaria,T2,malaria T2 R3,STAR,malaria,0.644605,3.163523,95.361872,0.83,0,3.185215,96.664785,0.15,99.99,96.64,98.2864628998627,99.31,95.31,97.2688942554722,98.41,90.72,94.4086628245122,95.11,57,71.2809151272106,94.06,65.35,77.1196411768396,5.17,90.3901,9.7805845117366,13658,98.41,0.02,0.01,1.54,NA,NA,NA,NA,0,0,0,0,0,0,0,0,0,0,0,0,0,0,NA,NA,1,1,1,1,1,1,1,1,1,1,1,1,1,1,1,1,1,1,1,1,1,1,1,1,1,2012,3.66817092895508,5.76783333333333,7.23065185546875,2.49191284179688
59,Baruzzo,STAR 2.7.10a default baruzzo_malaria_t3r2,STAR 2.7.10a default,STAR 2.7.10a default Baruzzo,STAR 2.7.10a default malaria,T3,malaria T3 R2,STAR,malaria,1.069011,3.800928,65.000061,30.13,0.061504,4.182272,72.636224,23.12,99.88,71.34,83.231388856442,97.61,62.88,76.487217895196,80.5201,51.8701,63.0950876879104,82.56,20.48,32.8188819875776,77.6801,22.17,34.495064441598,0.189999999999998,51.74,0.378609666859229,119231,80.52,0.0699,0.0699,19.3299,NA,NA,NA,NA,0,0,0,0,0,0,0,0,0,0,0,0,0,0,NA,NA,1,1,1,1,1,1,1,1,1,1,1,1,1,1,1,1,1,1,1,1,1,1,1,1,1,2192,3.67389678955078,35.33,6.04732513427734,2.01051330566406
60,Baruzzo,STAR 2.7.10a default baruzzo_malaria_t3r3,STAR 2.7.10a default,STAR 2.7.10a default Baruzzo,STAR 2.7.10a default malaria,T3,malaria T3 R3,STAR,malaria,1.060048,3.745038,64.934914,30.26,0.061384,4.120401,72.548215,23.27,99.88,71.26,83.1769171438588,97.63,62.82,76.4489448426301,80.3101,50.92,62.3239682359459,83.25,20.9,33.4119059049448,78.6801,22.44,34.9204845327487,0.189999999999998,51.46,0.37860212971926,118337,80.31,0.09,0.0699,19.5099,NA,NA,NA,NA,0,0,0,0,0,0,0,0,0,0,0,0,0,0,NA,NA,1,1,1,1,1,1,1,1,1,1,1,1,1,1,1,1,1,1,1,1,1,1,1,1,1,2176,3.6735725402832,35.5723333333333,6.02426910400391,2.82725524902344
233,Baruzzo,STAR 2.7.10a default baruzzo_human_t1r1,STAR 2.7.10a default,STAR 2.7.10a default Baruzzo,STAR 2.7.10a default human,T1,human T1 R1,STAR,human,0.139496,1.913088,97.587416,0.36,0.089847,1.916736,97.823417,0.17,99.9,97.81,98.8439532648829,99.84,97.56,98.6868328267477,99.91,92.2901,95.9490020140468,98.11,61.06,75.2729358547465,98.1801,71.2301,82.5614790728067,99.5901,92.3301,95.8227835528517,1613,99.91,0,0.01,0.05,NA,NA,NA,NA,0,0,0,0,0,0,0,0,0,0,0,0,0,0,NA,NA,1,1,1,1,1,1,1,1,1,1,1,1,1,1,1,1,1,1,1,1,1,1,1,1,1,1462,30.172233581543,1.15283333333333,7.27928161621094,57.7280502319336
234,Baruzzo,STAR 2.7.10a default baruzzo_human_t2r1,STAR 2.7.10a default,STAR 2.7.10a default Baruzzo,STAR 2.7.10a default human,T2,human T2 R1,STAR,human,0.3966,2.171385,96.582015,0.85,0.139594,2.183649,97.386757,0.29,99.85,97.36,98.5892804624512,99.57,96.53,98.0264365119837,99.7701,87.71,93.3521527991504,95.4,51.45,66.8482124616956,95.07,61.19,74.4571009855369,98.6601,88.03,93.042412029347,4072,99.77,0.03,0.02,0.15,NA,NA,NA,NA,0,0,0,0,0,0,0,0,0,0,0,0,0,0,NA,NA,1,1,1,1,1,1,1,1,1,1,1,1,1,1,1,1,1,1,1,1,1,1,1,1,1,1576,30.1796379089355,1.51216666666667,7.30255889892578,57.7265319824219
235,Baruzzo,STAR 2.7.10a default baruzzo_human_t3r1,STAR 2.7.10a default,STAR 2.7.10a default Baruzzo,STAR 2.7.10a default human,T3,human T3 R1,STAR,human,0.661752,1.709526,76.408722,21.22,0.301716,1.818677,81.689607,16.19,99.55,81.26,89.4799292074553,98.89,75.75,85.7869617498855,98.9601,40.12,57.093419000993,83.47,13.72,23.566383372775,82.37,15.97,26.7530791132805,85.1501,39.79,54.2359495310153,11059,98.96,0.05,0.04,0.93,NA,NA,NA,NA,0,0,0,0,0,0,0,0,0,0,0,0,0,0,NA,NA,1,1,1,1,1,1,1,1,1,1,1,1,1,1,1,1,1,1,1,1,1,1,1,1,1,1696,30.1461868286133,2.58266666666667,6.19538116455078,57.7485885620117
236,Baruzzo,STAR 2.7.10a default baruzzo_malaria_t1r1,STAR 2.7.10a default,STAR 2.7.10a default Baruzzo,STAR 2.7.10a default malaria,T1,malaria T1 R1,STAR,malaria,0.119556,2.142045,97.368399,0.37,0,2.14828,97.77172,0.08,99.99,97.76,98.8624262958281,99.87,97.35,98.5939002129601,99.6601,93.9301,96.7102999946278,98.0501,65.07,78.2260433508807,96.99,72.72,83.1195898886336,24.81,93.4301,39.2083697662637,2970,99.66,0,0,0.32,NA,NA,NA,NA,0,0,0,0,0,0,0,0,0,0,0,0,0,0,NA,NA,1,1,1,1,1,1,1,1,1,1,1,1,1,1,1,1,1,1,1,1,1,1,1,1,1,1916,3.66612243652344,1.776,7.12400054931641,4.79397583007812
237,Baruzzo,STAR 2.7.10a default baruzzo_malaria_t2r1,STAR 2.7.10a default,STAR 2.7.10a default Baruzzo,STAR 2.7.10a default malaria,T2,malaria T2 R1,STAR,malaria,0.644605,3.183357,95.342038,0.83,0,3.205185,96.644815,0.15,99.99,96.62,98.2761182035502,99.31,95.29,97.2584779033916,98.4801,90.5801,94.3650467524101,95.1501,56.7101,71.06498853564,94.1101,65.4801,77.2270322239085,4.83,90.16,9.16881355932203,12856,98.48,0.03,0.02,1.46,NA,NA,NA,NA,0,0,0,0,0,0,0,0,0,0,0,0,0,0,NA,NA,1,1,1,1,1,1,1,1,1,1,1,1,1,1,1,1,1,1,1,1,1,1,1,1,1,1962,3.66790771484375,5.85666666666667,7.23508453369141,4.80230712890625
238,Baruzzo,STAR 2.7.10a default baruzzo_malaria_t3r1,STAR 2.7.10a default,STAR 2.7.10a default Baruzzo,STAR 2.7.10a default malaria,T3,malaria T3 R1,STAR,malaria,1.059744,3.76488,64.895376,30.28,0.061392,4.14396,72.534648,23.26,99.88,71.24,83.163291257597,97.62,62.78,76.4162543640898,80.6301,51.4801,62.8391390068291,82.94,20.55,32.9387766934003,77.8101,22.09,34.4108786477691,0.189999999999998,51.34,0.378598874442068,117823,80.63,0.06,0.06,19.23,NA,NA,NA,NA,0,0,0,0,0,0,0,0,0,0,0,0,0,0,NA,NA,1,1,1,1,1,1,1,1,1,1,1,1,1,1,1,1,1,1,1,1,1,1,1,1,1,1983,3.67402267456055,38.361,6.03335571289062,4.80284881591797
413,SimBA,STAR 2.7.10a default SimBA_human_t1,STAR 2.7.10a default,STAR 2.7.10a default SimBA,STAR 2.7.10a default human,T1,human T1 R1,STAR,human,0,0,0,0,0,0,0,0,0,0,NA,0,0,NA,100,100,100,100,100,100,100,100,100,100,100,100,0,0,0,0,0,98.3291371023117,97.9892620275818,92.9062534437685,89.7821952368239,17957283,0,2043657,1371107,55848,0,1146,949,17957283,1371107,2043657,55848,949,1146,91.3175129095766,98.158905361584,1,1,1,1,1,1,1,1,1,1,1,1,1,1,1,1,1,1,1,1,1,1,1,1,1,804,30.2021827697754,1.36166666666667,12.5511016845703,62.9753112792969
414,SimBA,STAR 2.7.10a default SimBA_human_t2,STAR 2.7.10a default,STAR 2.7.10a default SimBA,STAR 2.7.10a default human,T2,human T2 R1,STAR,human,0,0,0,0,0,0,0,0,0,0,NA,0,0,NA,100,100,100,100,100,100,100,100,100,100,100,100,0,0,0,0,0,97.7707946318512,97.8557403256356,92.931813912183,89.396106106045,17877596,0,2120586,1359730,56315,0,1234,1284,17877596,1359730,2120586,56315,1284,1234,91.1296777398677,97.8132490360232,1,1,1,1,1,1,1,1,1,1,1,1,1,1,1,1,1,1,1,1,1,1,1,1,1,1398,30.2007598876953,0.908833333333333,12.5144348144531,62.9887008666992
415,SimBA,STAR 2.7.10a default SimBA_human_t3,STAR 2.7.10a default,STAR 2.7.10a default SimBA,STAR 2.7.10a default human,T3,human T3 R1,STAR,human,0,0,0,0,0,0,0,0,0,0,NA,0,0,NA,100,100,100,100,100,100,100,100,100,100,100,100,0,0,0,0,0,97.3223823616973,97.518775882642,92.9311267937682,88.57732537755,17714760,0,2284444,1347486,55574,0,1414,1529,17714760,1347486,2284444,55574,1529,1414,90.7020092700092,97.4204801430437,1,1,1,1,1,1,1,1,1,1,1,1,1,1,1,1,1,1,1,1,1,1,1,1,1,1551,30.1910400390625,1.1425,12.5119323730469,53.4119110107422
416,SimBA,STAR 2.7.10a default SimBA_malaria_t1,STAR 2.7.10a default,STAR 2.7.10a default SimBA,STAR 2.7.10a default malaria,T1,malaria T1 R1,STAR,malaria,0,0,0,0,0,0,0,0,0,0,NA,0,0,NA,100,100,100,100,100,100,100,100,100,100,100,100,0,0,0,0,0,76.3729822346469,99.2616033755274,92.911723134987,89.9340348008499,17987298,0,2013248,1372259,8469,0,63,2620,17987298,1372259,2013248,8469,2620,63,91.3986327728868,86.3258753376484,1,1,1,1,1,1,1,1,1,1,1,1,1,1,1,1,1,1,1,1,1,1,1,1,1,2018,3.66799926757812,0.825833333333333,12.0987167358398,0.482475280761719
417,SimBA,STAR 2.7.10a default SimBA_malaria_t2,STAR 2.7.10a default,STAR 2.7.10a default SimBA,STAR 2.7.10a default malaria,T2,malaria T2 R1,STAR,malaria,0,0,0,0,0,0,0,0,0,0,NA,0,0,NA,100,100,100,100,100,100,100,100,100,100,100,100,0,0,0,0,0,45.4712892741062,98.3134223471539,93.0105842847182,85.2081751642625,17041376,0,2958320,1280599,8394,0,144,10066,17041376,1280599,2958320,8394,10066,144,88.9385851676457,62.1823838802874,1,1,1,1,1,1,1,1,1,1,1,1,1,1,1,1,1,1,1,1,1,1,1,1,1,2005,3.67977905273438,2.795,12.6432571411133,0.48272705078125
418,SimBA,STAR 2.7.10a default SimBA_malaria_t3,STAR 2.7.10a default,STAR 2.7.10a default SimBA,STAR 2.7.10a default malaria,T3,malaria T3 R1,STAR,malaria,0,0,0,0,0,0,0,0,0,0,NA,0,0,NA,100,100,100,100,100,100,100,100,100,100,100,100,0,0,0,0,0,31.3336598106432,89.9379173011597,93.1136408507933,70.5264028372828,14106062,0,5895046,1043235,7678,0,859,16826,14106062,1043235,5895046,7678,16826,859,80.2611634204499,46.4755909324778,1,1,1,1,1,1,1,1,1,1,1,1,1,1,1,1,1,1,1,1,1,1,1,1,1,2038,3.67612075805664,14.9306666666667,11.044563293457,0.480247497558594
61,Baruzzo,Subjunc 2.0.1 default baruzzo_human_t1r2,Subjunc 2.0.1 default,Subjunc 2.0.1 default Baruzzo,Subjunc 2.0.1 default human,T1,human T1 R2,Subjunc,human,0.586719,0,92.543281,6.87,0.588042,0,92.751958,6.66,99.31,92.69,95.8858739583333,99.31,92.48,95.7733854736952,99.0501,95.2301,97.1025449635115,97.91,77.4701,86.4989527432132,97.83,81.7301,89.0582672096975,94.17,95.1301,94.6476152627495,23980,99.05,0.05,0.04,0.85,NA,NA,NA,NA,0,0,0,0,0,0,0,0,0,0,0,0,0,0,NA,NA,1,1,1,1,1,1,1,1,1,1,1,1,1,1,1,1,1,1,1,1,1,1,1,1,1,1033,8.45235061645508,9.14166666666667,10.312385559082,4.48934936523438
62,Baruzzo,Subjunc 2.0.1 default baruzzo_human_t1r3,Subjunc 2.0.1 default,Subjunc 2.0.1 default Baruzzo,Subjunc 2.0.1 default human,T1,human T1 R3,Subjunc,human,0.586719,0,92.543281,6.87,0.588042,0,92.751958,6.66,99.31,92.69,95.8858739583333,99.31,92.48,95.7733854736952,99.0601,95.3,97.143678460754,98.13,78.47,87.2056749716874,97.92,82.0401,89.2794190712274,94.3,95.38,94.8369253479544,23650,99.06,0.05,0.04,0.83,NA,NA,NA,NA,0,0,0,0,0,0,0,0,0,0,0,0,0,0,NA,NA,1,1,1,1,1,1,1,1,1,1,1,1,1,1,1,1,1,1,1,1,1,1,1,1,1,981,8.45515060424805,9.72266666666667,10.3125305175781,15.2190399169922
63,Baruzzo,Subjunc 2.0.1 default baruzzo_human_t2r2,Subjunc 2.0.1 default,Subjunc 2.0.1 default Baruzzo,Subjunc 2.0.1 default human,T2,human T2 R2,Subjunc,human,0.654299,0,88.975701,10.37,0.613428,0,89.596572,9.79,99.23,89.51,94.119712832468,99.17,88.88,93.7434682265355,98.4401,88.1601,93.016932029119,96.8401,70.3,81.4629048325327,96.41,74.48,84.0378816782726,92.8101,88.4601,90.5829058169517,35586,98.44,0.1,0.09,1.35,NA,NA,NA,NA,0,0,0,0,0,0,0,0,0,0,0,0,0,0,NA,NA,1,1,1,1,1,1,1,1,1,1,1,1,1,1,1,1,1,1,1,1,1,1,1,1,1,1023,8.51559829711914,9.32883333333333,10.2873306274414,15.1613998413086
64,Baruzzo,Subjunc 2.0.1 default baruzzo_human_t2r3,Subjunc 2.0.1 default,Subjunc 2.0.1 default Baruzzo,Subjunc 2.0.1 default human,T2,human T2 R3,Subjunc,human,0.654226,0,88.965774,10.38,0.61336,0,89.58664,9.8,99.23,89.5,94.1141842844275,99.18,88.87,93.7423727731986,98.52,88.1901,93.0692946123429,96.89,70.38,81.5342643630059,96.51,73.87,83.6858046719099,92.9101,88.0601,90.420110018224,34016,98.52,0.08,0.08,1.29,NA,NA,NA,NA,0,0,0,0,0,0,0,0,0,0,0,0,0,0,NA,NA,1,1,1,1,1,1,1,1,1,1,1,1,1,1,1,1,1,1,1,1,1,1,1,1,1,1036,8.51523208618164,9.195,10.2871704101562,4.31389617919922
65,Baruzzo,Subjunc 2.0.1 default baruzzo_human_t3r2,Subjunc 2.0.1 default,Subjunc 2.0.1 default Baruzzo,Subjunc 2.0.1 default human,T3,human T3 R2,Subjunc,human,0.34352,0,42.59648,57.06,0.366288,0,46.593712,53.04,98.33,46.16,62.8266703578102,98.12,42.13,58.9489568627451,95.9301,26.26,41.2328728104814,82.36,12.61,21.8713193640097,80.17,12.47,21.5828993955095,77.8901,26.15,39.1546358567514,29638,95.93,0.18,0.1699,3.69,NA,NA,NA,NA,0,0,0,0,0,0,0,0,0,0,0,0,0,0,NA,NA,1,1,1,1,1,1,1,1,1,1,1,1,1,1,1,1,1,1,1,1,1,1,1,1,1,1051,8.54126358032227,9.2295,9.61395263671875,4.31415557861328
66,Baruzzo,Subjunc 2.0.1 default baruzzo_human_t3r3,Subjunc 2.0.1 default,Subjunc 2.0.1 default Baruzzo,Subjunc 2.0.1 default human,T3,human T3 R3,Subjunc,human,0.34352,0,42.59648,57.06,0.366288,0,46.593712,53.04,98.32,46.17,62.8338902346183,98.13,42.13,58.9507614430344,95.89,26.26,41.2291674171101,82.46,12.7901,22.1453131492775,80.5201,12.42,21.5205200338713,77.23,26.39,39.3379598533102,30157,95.89,0.18,0.15,3.76,NA,NA,NA,NA,0,0,0,0,0,0,0,0,0,0,0,0,0,0,NA,NA,1,1,1,1,1,1,1,1,1,1,1,1,1,1,1,1,1,1,1,1,1,1,1,1,1,1050,8.54140090942383,9.22666666666667,9.61400604248047,4.31415557861328
67,Baruzzo,Subjunc 2.0.1 default baruzzo_malaria_t1r2,Subjunc 2.0.1 default,Subjunc 2.0.1 default Baruzzo,Subjunc 2.0.1 default malaria,T1,malaria T1 R2,Subjunc,malaria,0.381264,0,97.378736,2.24,0.402374,0,97.737626,1.86,99.57,97.71,98.6312317518248,99.6,97.36,98.4672623883022,92.68,97.83,95.1853907931342,97.8401,83.0301,89.8287643515626,95.7301,88.31,91.8704687837053,1.05,97.5401,2.07763467122966,73621,92.6799,0.02,0,7.28,NA,NA,NA,NA,0,0,0,0,0,0,0,0,0,0,0,0,0,0,NA,NA,1,1,1,1,1,1,1,1,1,1,1,1,1,1,1,1,1,1,1,1,1,1,1,1,1,771,2.80958557128906,7.63016666666667,10.1717987060547,2.38236999511719
68,Baruzzo,Subjunc 2.0.1 default baruzzo_malaria_t1r3,Subjunc 2.0.1 default,Subjunc 2.0.1 default Baruzzo,Subjunc 2.0.1 default malaria,T1,malaria T1 R3,Subjunc,malaria,0.381264,0,97.378736,2.24,0.412146,0,97.717854,1.87,99.56,97.7,98.6212308628207,99.59,97.35,98.4572610947497,92.74,98.1,95.3447285684343,97.41,85.73,91.1975461395654,95.91,88.94,92.2935937246416,1,97.6401,1.97972427035252,72939,92.74,0.01,0.02,7.22,NA,NA,NA,NA,0,0,0,0,0,0,0,0,0,0,0,0,0,0,NA,NA,1,1,1,1,1,1,1,1,1,1,1,1,1,1,1,1,1,1,1,1,1,1,1,1,1,769,2.81063461303711,7.73583333333333,10.1721343994141,4.32032775878906
69,Baruzzo,Subjunc 2.0.1 default baruzzo_malaria_t2r2,Subjunc 2.0.1 default,Subjunc 2.0.1 default Baruzzo,Subjunc 2.0.1 default malaria,T2,malaria T2 R2,Subjunc,malaria,0.51018,0,92.24982,7.24,0.42084,0,93.09916,6.48,99.51,93.05,96.1716400083091,99.4,92.19,95.6593350383632,87.1601,90.6201,88.8564303337492,96.49,78.66,86.6674667427919,94.87,80.48,87.0845463358996,0.609999999999999,90.36,1.21181928108167,126707,87.16,0.01,0.06,12.75,NA,NA,NA,NA,0,0,0,0,0,0,0,0,0,0,0,0,0,0,NA,NA,1,1,1,1,1,1,1,1,1,1,1,1,1,1,1,1,1,1,1,1,1,1,1,1,1,789,2.93300247192383,7.76616666666667,10.1485900878906,2.48745727539062
70,Baruzzo,Subjunc 2.0.1 default baruzzo_malaria_t2r3,Subjunc 2.0.1 default,Subjunc 2.0.1 default Baruzzo,Subjunc 2.0.1 default malaria,T2,malaria T2 R3,Subjunc,malaria,0.529074,0,92.290926,7.18,0.430468,0,93.149532,6.42,99.49,93.1,96.1889921595098,99.37,92.23,95.6669634655532,87.11,90.6801,88.8592054450726,96.0301,78.02,86.0932386939163,94.68,80.88,87.2376213260424,0.579999999999998,90.84,1.1526405600525,127198,87.11,0.09,0.01,12.77,NA,NA,NA,NA,0,0,0,0,0,0,0,0,0,0,0,0,0,0,NA,NA,1,1,1,1,1,1,1,1,1,1,1,1,1,1,1,1,1,1,1,1,1,1,1,1,1,793,2.91816711425781,7.7065,10.1494064331055,4.27267456054688
71,Baruzzo,Subjunc 2.0.1 default baruzzo_malaria_t3r2,Subjunc 2.0.1 default,Subjunc 2.0.1 default Baruzzo,Subjunc 2.0.1 default malaria,T3,malaria T3 R2,Subjunc,malaria,0.334836,0,23.245164,76.42,0.504868,0,27.235132,72.26,93.4,25.9,40.5542330259849,93.96,22.15,35.8490052536388,47.7,26.76,34.2855761482675,80.78,14.6601,24.8164634781397,73.3501,13.77,23.1870917733106,0.0700999999999965,27.05,0.139837611218241,280363,47.6999,0.03,0.0699,52.18,NA,NA,NA,NA,0,0,0,0,0,0,0,0,0,0,0,0,0,0,NA,NA,1,1,1,1,1,1,1,1,1,1,1,1,1,1,1,1,1,1,1,1,1,1,1,1,1,880,3.06791687011719,8.06466666666667,9.23004913330078,2.54103088378906
72,Baruzzo,Subjunc 2.0.1 default baruzzo_malaria_t3r3,Subjunc 2.0.1 default,Subjunc 2.0.1 default Baruzzo,Subjunc 2.0.1 default malaria,T3,malaria T3 R3,Subjunc,malaria,0.341568,0,23.378432,76.28,0.51894,0,27.38106,72.1,93.3,26.02,40.6916862219242,93.89,22.27,36.000866046832,46.52,26.02,33.3733223049352,80.9101,14.92,25.1941444702656,72.9401,13.5,22.7832070994828,0.0700999999999965,26.8,0.139834239545064,285174,46.52,0.04,0.11,53.31,NA,NA,NA,NA,0,0,0,0,0,0,0,0,0,0,0,0,0,0,NA,NA,1,1,1,1,1,1,1,1,1,1,1,1,1,1,1,1,1,1,1,1,1,1,1,1,1,880,3.06305313110352,8.098,9.23329925537109,2.90765380859375
305,Baruzzo,Subjunc 2.0.1 default baruzzo_human_t1r1,Subjunc 2.0.1 default,Subjunc 2.0.1 default Baruzzo,Subjunc 2.0.1 default human,T1,human T1 R1,Subjunc,human,0.586719,0,92.543281,6.87,0.588042,0,92.751958,6.66,99.32,92.7,95.8958858452245,99.31,92.48,95.7733854736952,99.0501,95.21,97.0920947842609,97.9401,76.4701,85.8836150753798,97.8401,81.1301,88.7050145444325,94.3501,95.3,94.8226711190766,23786,99.05,0.05,0.04,0.84,NA,NA,NA,NA,0,0,0,0,0,0,0,0,0,0,0,0,0,0,NA,NA,1,1,1,1,1,1,1,1,1,1,1,1,1,1,1,1,1,1,1,1,1,1,1,1,1,1011,8.44694137573242,10.0501666666667,10.3124389648438,0
306,Baruzzo,Subjunc 2.0.1 default baruzzo_human_t2r1,Subjunc 2.0.1 default,Subjunc 2.0.1 default Baruzzo,Subjunc 2.0.1 default human,T2,human T2 R1,Subjunc,human,0.65408,0,88.94592,10.4,0.613224,0,89.566776,9.82,99.23,89.48,94.1031254305548,99.17,88.85,93.7267790660568,98.52,88.1601,93.0525862370976,96.82,70.04,81.280987654321,96.3601,73.57,83.4368079227871,92.5301,88.41,90.4231415921623,34268,98.52,0.09,0.0699,1.3,NA,NA,NA,NA,0,0,0,0,0,0,0,0,0,0,0,0,0,0,NA,NA,1,1,1,1,1,1,1,1,1,1,1,1,1,1,1,1,1,1,1,1,1,1,1,1,1,1010,8.51670074462891,10.1336666666667,10.2869720458984,0
307,Baruzzo,Subjunc 2.0.1 default baruzzo_human_t3r1,Subjunc 2.0.1 default,Subjunc 2.0.1 default Baruzzo,Subjunc 2.0.1 default human,T3,human T3 R1,Subjunc,human,0.34336,0,42.57664,57.08,0.366054,0,46.563946,53.07,98.32,46.14,62.8061027273986,98.12,42.1,58.9195835116246,95.77,26.17,41.1071166147286,82.25,12.78,22.1225928654109,80.2001,12.34,21.3889812956761,76.4701,26.58,39.4482927818605,30677,95.77,0.19,0.19,3.83,NA,NA,NA,NA,0,0,0,0,0,0,0,0,0,0,0,0,0,0,NA,NA,1,1,1,1,1,1,1,1,1,1,1,1,1,1,1,1,1,1,1,1,1,1,1,1,1,1019,8.54164886474609,10.1588333333333,9.61345672607422,7.78408050537109
308,Baruzzo,Subjunc 2.0.1 default baruzzo_malaria_t1r1,Subjunc 2.0.1 default,Subjunc 2.0.1 default Baruzzo,Subjunc 2.0.1 default malaria,T1,malaria T1 R1,Subjunc,malaria,0.381225,0,97.368775,2.25,0.412146,0,97.717854,1.87,99.56,97.7,98.6212308628207,99.59,97.34,98.4521464479764,92.68,97.5401,95.0479625234137,97.83,85.01,90.9705567709473,95.67,87.44,91.3700486046639,1.03,97.39,2.03844137370453,73491,92.6799,0.02,0,7.28,NA,NA,NA,NA,0,0,0,0,0,0,0,0,0,0,0,0,0,0,NA,NA,1,1,1,1,1,1,1,1,1,1,1,1,1,1,1,1,1,1,1,1,1,1,1,1,1,792,2.81057739257812,8.26933333333333,10.1721649169922,0.01190185546875
309,Baruzzo,Subjunc 2.0.1 default baruzzo_malaria_t2r1,Subjunc 2.0.1 default,Subjunc 2.0.1 default Baruzzo,Subjunc 2.0.1 default malaria,T2,malaria T2 R1,Subjunc,malaria,0.519512,0,92.250488,7.23,0.411532,0,93.118468,6.47,99.52,93.08,96.1923322949117,99.39,92.2,95.660086643353,87.02,90.86,88.8985518326962,96.1301,77.35,85.7235294999253,94.2,80.84,87.0101462522852,0.609999999999999,90.77,1.21185598599256,127862,87.02,0.09,0.05,12.82,NA,NA,NA,NA,0,0,0,0,0,0,0,0,0,0,0,0,0,0,NA,NA,1,1,1,1,1,1,1,1,1,1,1,1,1,1,1,1,1,1,1,1,1,1,1,1,1,804,2.93874359130859,8.36166666666667,10.1487579345703,0.171012878417969
310,Baruzzo,Subjunc 2.0.1 default baruzzo_malaria_t3r1,Subjunc 2.0.1 default,Subjunc 2.0.1 default Baruzzo,Subjunc 2.0.1 default malaria,T3,malaria T3 R1,Subjunc,malaria,0.344414,0,23.245586,76.41,0.525042,0,27.254958,72.22,93.18,25.88,40.5089601881404,93.78,22.11,35.7835154025369,46.3101,26.01,33.3109523078646,81.26,14.67,24.8532096320234,73.33,13.53,22.8449205618236,0.0700999999999965,26.3801,0.13982843305532,288904,46.31,0.04,0.03,53.6,NA,NA,NA,NA,0,0,0,0,0,0,0,0,0,0,0,0,0,0,NA,NA,1,1,1,1,1,1,1,1,1,1,1,1,1,1,1,1,1,1,1,1,1,1,1,1,1,870,3.06135559082031,8.661,9.23088836669922,0
485,SimBA,Subjunc 2.0.1 default SimBA_human_t1,Subjunc 2.0.1 default,Subjunc 2.0.1 default SimBA,Subjunc 2.0.1 default human,T1,human T1 R1,Subjunc,human,0,0,0,0,0,0,0,0,0,0,NA,0,0,NA,100,100,100,100,100,100,100,100,100,100,100,100,0,0,0,0,0,94.6009822491158,99.0244587149524,92.0569323724076,86.8624774635592,17373312,0,2627628,1499044,56438,0,556,3221,17373312,1499044,2627628,56438,3221,556,89.3843012437124,96.7621921425081,1,1,1,1,1,1,1,1,1,1,1,1,1,1,1,1,1,1,1,1,1,1,1,1,1,760,8.36590957641602,9.39616666666667,11.7646789550781,11.0994262695312
486,SimBA,Subjunc 2.0.1 default SimBA_human_t2,Subjunc 2.0.1 default,Subjunc 2.0.1 default SimBA,Subjunc 2.0.1 default human,T2,human T2 R1,Subjunc,human,0,0,0,0,0,0,0,0,0,0,NA,0,0,NA,100,100,100,100,100,100,100,100,100,100,100,100,0,0,0,0,0,92.985440863733,98.7714816938609,92.0102236619211,86.3422835135714,17266887,0,2731295,1499383,56842,0,707,4288,17266887,1499383,2731295,56842,4288,707,89.0861916479562,95.7911677718889,1,1,1,1,1,1,1,1,1,1,1,1,1,1,1,1,1,1,1,1,1,1,1,1,1,739,8.35948181152344,9.5175,11.7868728637695,25.2780990600586
487,SimBA,Subjunc 2.0.1 default SimBA_human_t3,Subjunc 2.0.1 default,Subjunc 2.0.1 default SimBA,Subjunc 2.0.1 default human,T3,human T3 R1,Subjunc,human,0,0,0,0,0,0,0,0,0,0,NA,0,0,NA,100,100,100,100,100,100,100,100,100,100,100,100,0,0,0,0,0,91.202890060535,98.3470204253527,91.7426559305812,84.0009832391329,16799528,0,3199676,1512050,56046,0,942,5406,16799528,1512050,3199676,56046,5406,942,87.7013056011229,94.6403242147923,1,1,1,1,1,1,1,1,1,1,1,1,1,1,1,1,1,1,1,1,1,1,1,1,1,737,8.41376876831055,10.8578333333333,11.7587585449219,11.0999603271484
488,SimBA,Subjunc 2.0.1 default SimBA_malaria_t1,Subjunc 2.0.1 default,Subjunc 2.0.1 default SimBA,Subjunc 2.0.1 default malaria,T1,malaria T1 R1,Subjunc,malaria,0,0,0,0,0,0,0,0,0,0,NA,0,0,NA,100,100,100,100,100,100,100,100,100,100,100,100,0,0,0,0,0,35.2914370935001,99.8476324425692,90.9489745678227,86.752771649334,17351028,0,2649518,1726733,8519,0,13,15620,17351028,1726733,2649518,8519,15620,13,88.8013290852134,52.150224970157,1,1,1,1,1,1,1,1,1,1,1,1,1,1,1,1,1,1,1,1,1,1,1,1,1,726,2.78779983520508,10.6803333333333,11.2984619140625,0
489,SimBA,Subjunc 2.0.1 default SimBA_malaria_t2,Subjunc 2.0.1 default,Subjunc 2.0.1 default SimBA,Subjunc 2.0.1 default malaria,T2,malaria T2 R1,Subjunc,malaria,0,0,0,0,0,0,0,0,0,0,NA,0,0,NA,100,100,100,100,100,100,100,100,100,100,100,100,0,0,0,0,0,22.0087542264042,98.3485593815882,91.6169196493688,86.1156339576362,17222865,0,2776831,1575917,8397,0,141,29756,17222865,1575917,2776831,8397,29756,141,88.7811372394556,35.9683879120173,1,1,1,1,1,1,1,1,1,1,1,1,1,1,1,1,1,1,1,1,1,1,1,1,1,723,2.85414505004883,10.5783333333333,11.4205703735352,0.00101470947265625
490,SimBA,Subjunc 2.0.1 default SimBA_malaria_t3,Subjunc 2.0.1 default,Subjunc 2.0.1 default SimBA,Subjunc 2.0.1 default malaria,T3,malaria T3 R1,Subjunc,malaria,0,0,0,0,0,0,0,0,0,0,NA,0,0,NA,100,100,100,100,100,100,100,100,100,100,100,100,0,0,0,0,0,18.034190011335,91.3201358791144,89.476734391229,65.9072287395278,13182176,0,6818932,1550342,7796,0,741,35433,13182176,1550342,6818932,7796,35433,741,75.9044045674932,30.1201560870069,1,1,1,1,1,1,1,1,1,1,1,1,1,1,1,1,1,1,1,1,1,1,1,1,1,698,2.90735244750977,9.807,11.4014358520508,0.16845703125
73,Baruzzo,novoSplice 0.8.4 default baruzzo_human_t1r2,novoSplice 0.8.4 default,novoSplice 0.8.4 default Baruzzo,novoSplice 0.8.4 default human,T1,human T1 R2,novoSplice,human,0.08973,3.66896,95.94131,0.3,0.079896,3.675216,96.114888,0.13,99.91,96.08,97.9575774274197,99.89,95.91,97.8595495403473,99.9901,90.02,94.7434773414676,97.92,76.8801,86.1338110447305,98.0701,78.0101,86.8974286491042,99.9801,91.1801,95.3775473765983,47,99.99,0,0,0,NA,NA,NA,NA,0,0,0,0,0,0,0,0,0,0,0,0,0,0,NA,NA,1,1,1,1,1,1,1,1,1,1,1,1,1,1,1,1,1,1,1,1,1,1,1,1,1,2288,29.9460182189941,9.40933333333333,12.9413986206055,8.4697265625
74,Baruzzo,novoSplice 0.8.4 default baruzzo_human_t1r3,novoSplice 0.8.4 default,novoSplice 0.8.4 default Baruzzo,novoSplice 0.8.4 default human,T1,human T1 R3,novoSplice,human,0.08973,3.66896,95.94131,0.3,0.079896,3.675216,96.114888,0.13,99.91,96.09,97.9627744897959,99.89,95.91,97.8595495403473,99.9901,90.07,94.7711624586118,98.1801,76.7901,86.1776427872861,98.11,78.3001,87.0927776924337,99.9801,91.1101,95.339236747986,48,99.99,0,0,0,NA,NA,NA,NA,0,0,0,0,0,0,0,0,0,0,0,0,0,0,NA,NA,1,1,1,1,1,1,1,1,1,1,1,1,1,1,1,1,1,1,1,1,1,1,1,1,1,2293,29.9475212097168,9.4515,12.9404602050781,8.14764404296875
75,Baruzzo,novoSplice 0.8.4 default baruzzo_human_t2r2,novoSplice 0.8.4 default,novoSplice 0.8.4 default Baruzzo,novoSplice 0.8.4 default human,T2,human T2 R2,novoSplice,human,0.169303,4.362042,95.058655,0.41,0.09986,4.373868,95.386272,0.14,99.89,95.37,97.5776841134897,99.81,95.01,97.3508684939945,99.9701,89.0801,94.2114475944485,95.99,73.91,83.5152548557975,95.8301,75.2701,84.3148191528707,99.9601,90.35,94.9124091154384,258,99.97,0,0,0,NA,NA,NA,NA,0,0,0,0,0,0,0,0,0,0,0,0,0,0,NA,NA,1,1,1,1,1,1,1,1,1,1,1,1,1,1,1,1,1,1,1,1,1,1,1,1,1,2300,29.9454002380371,9.995,13.1257247924805,8.14764404296875
76,Baruzzo,novoSplice 0.8.4 default baruzzo_human_t2r3,novoSplice 0.8.4 default,novoSplice 0.8.4 default Baruzzo,novoSplice 0.8.4 default human,T2,human T2 R3,novoSplice,human,0.169303,4.372001,95.048696,0.41,0.09987,4.384293,95.385837,0.13,99.89,95.36,97.5724496798976,99.81,95.01,97.3508684939945,99.9701,89.0901,94.2170399270709,96.1501,74.0601,83.6716720973244,95.91,75.2,84.3017006603939,99.9701,90.2901,94.883851967043,260,99.97,0,0,0,NA,NA,NA,NA,0,0,0,0,0,0,0,0,0,0,0,0,0,0,NA,NA,1,1,1,1,1,1,1,1,1,1,1,1,1,1,1,1,1,1,1,1,1,1,1,1,1,2299,29.9448547363281,9.97666666666667,13.1294860839844,8.14765930175781
77,Baruzzo,novoSplice 0.8.4 default baruzzo_human_t3r2,novoSplice 0.8.4 default,novoSplice 0.8.4 default Baruzzo,novoSplice 0.8.4 default human,T3,human T3 R2,novoSplice,human,0.594594,4.783779,84.711627,9.91,0.179455,5.015295,89.25525,5.55,99.77,88.93,94.038644409115,99.21,84.1,91.032251377448,99.91,74.59,85.4130303724928,78.6101,46.43,58.3791430589067,76.9001,48.9301,59.8064627253235,99.6501,75.75,86.07173057484,1523,99.91,0,0,0.06,NA,NA,NA,NA,0,0,0,0,0,0,0,0,0,0,0,0,0,0,NA,NA,1,1,1,1,1,1,1,1,1,1,1,1,1,1,1,1,1,1,1,1,1,1,1,1,1,2317,29.942554473877,12.9891666666667,13.4326782226562,8.14816284179688
78,Baruzzo,novoSplice 0.8.4 default baruzzo_human_t3r3,novoSplice 0.8.4 default,novoSplice 0.8.4 default Baruzzo,novoSplice 0.8.4 default human,T3,human T3 R3,novoSplice,human,0.594528,4.792256,84.693216,9.92,0.179436,5.024208,89.236356,5.56,99.77,88.91,94.0274613101547,99.21,84.08,91.0205335806645,99.91,74.53,85.3736792020179,78.65,46.55,58.4849440894569,77.16,48.97,59.914773646238,99.6801,75.5601,85.9601658068183,1368,99.91,0.01,0,0.06,NA,NA,NA,NA,0,0,0,0,0,0,0,0,0,0,0,0,0,0,NA,NA,1,1,1,1,1,1,1,1,1,1,1,1,1,1,1,1,1,1,1,1,1,1,1,1,1,2258,29.947380065918,13.3365,13.433219909668,13.8098068237305
79,Baruzzo,novoSplice 0.8.4 default baruzzo_malaria_t1r2,novoSplice 0.8.4 default,novoSplice 0.8.4 default Baruzzo,novoSplice 0.8.4 default malaria,T1,malaria T1 R2,novoSplice,malaria,0.029904,2.701328,96.948768,0.32,0,2.708645,97.241355,0.05,99.99,97.22,98.5855463718878,99.95,96.92,98.4116828363895,100,93.3201,96.5446427971018,97.9401,82.49,89.5535595114119,96.98,83.7,89.8519592649989,100,93.0301,96.3892159823779,0,100,0,0,0,NA,NA,NA,NA,0,0,0,0,0,0,0,0,0,0,0,0,0,0,NA,NA,1,1,1,1,1,1,1,1,1,1,1,1,1,1,1,1,1,1,1,1,1,1,1,1,1,2379,1.2621955871582,7.4105,11.802978515625,8.14082336425781
80,Baruzzo,novoSplice 0.8.4 default baruzzo_malaria_t1r3,novoSplice 0.8.4 default,novoSplice 0.8.4 default Baruzzo,novoSplice 0.8.4 default malaria,T1,malaria T1 R3,novoSplice,malaria,0.039872,2.701328,96.9388,0.32,0,2.708645,97.241355,0.05,99.99,97.22,98.5855463718878,99.95,96.91,98.4065274814589,99.9901,93.36,96.5613747911172,97.7,81.5101,88.8737495263939,96.8301,83.35,89.5857959341792,99.9901,93.08,96.4113915930017,5,99.99,0,0,0,NA,NA,NA,NA,0,0,0,0,0,0,0,0,0,0,0,0,0,0,NA,NA,1,1,1,1,1,1,1,1,1,1,1,1,1,1,1,1,1,1,1,1,1,1,1,1,1,2379,1.26269912719727,7.47733333333333,11.8069305419922,8.14122772216797
81,Baruzzo,novoSplice 0.8.4 default baruzzo_malaria_t2r2,novoSplice 0.8.4 default,novoSplice 0.8.4 default Baruzzo,novoSplice 0.8.4 default malaria,T2,malaria T2 R2,novoSplice,malaria,0.22885,3.1641,96.10705,0.5,0,3.17841,96.77159,0.05,99.99,96.75,98.3433211344922,99.75,96.07,97.8754213052804,99.9901,92.8001,96.2610265356849,95.8,79.3901,86.8264996709289,94.18,80.08,86.5595592792379,99.9901,92.4101,96.050785186398,3,99.99,0,0,0,NA,NA,NA,NA,0,0,0,0,0,0,0,0,0,0,0,0,0,0,NA,NA,1,1,1,1,1,1,1,1,1,1,1,1,1,1,1,1,1,1,1,1,1,1,1,1,1,2374,1.26664352416992,8.03533333333333,12.0359878540039,8.14443206787109
82,Baruzzo,novoSplice 0.8.4 default baruzzo_malaria_t2r3,novoSplice 0.8.4 default,novoSplice 0.8.4 default Baruzzo,novoSplice 0.8.4 default malaria,T2,malaria T2 R3,novoSplice,malaria,0.22885,3.1044,96.16675,0.5,0,3.11844,96.83156,0.05,99.99,96.81,98.3743079268293,99.75,96.13,97.9065499285277,99.9801,92.88,96.2993557298788,95.36,78.9901,86.4065571055021,93.97,79.94,86.3890725087689,99.9901,92.64,96.1748227717267,87,99.98,0,0,0,NA,NA,NA,NA,0,0,0,0,0,0,0,0,0,0,0,0,0,0,NA,NA,1,1,1,1,1,1,1,1,1,1,1,1,1,1,1,1,1,1,1,1,1,1,1,1,1,2244,1.2637939453125,8.46216666666667,12.0270843505859,7.32597351074219
83,Baruzzo,novoSplice 0.8.4 default baruzzo_malaria_t3r2,novoSplice 0.8.4 default,novoSplice 0.8.4 default Baruzzo,novoSplice 0.8.4 default malaria,T3,malaria T3 R2,novoSplice,malaria,0.949536,3.68793,80.142534,15.22,0.008933,3.885855,85.435212,10.67,99.98,84.95,91.8542259233223,98.6,79.29,87.8969475518579,99.93,78.26,87.7773365508727,78.6,48.1,59.6789265982636,74.0701,48.68,58.7491573204421,99.9,77.8001,87.4758088487288,351,99.9299,0,0.01,0.04,NA,NA,NA,NA,0,0,0,0,0,0,0,0,0,0,0,0,0,0,NA,NA,1,1,1,1,1,1,1,1,1,1,1,1,1,1,1,1,1,1,1,1,1,1,1,1,1,2382,1.27106475830078,12.4065,12.6064987182617,8.14704895019531
84,Baruzzo,novoSplice 0.8.4 default baruzzo_malaria_t3r3,novoSplice 0.8.4 default,novoSplice 0.8.4 default Baruzzo,novoSplice 0.8.4 default malaria,T3,malaria T3 R3,novoSplice,malaria,0.93093,3.622164,80.076906,15.37,0.008918,3.816904,85.354178,10.82,99.98,84.86,91.801588400779,98.62,79.23,87.8680078718021,99.93,77.62,87.3733213179386,79.35,48.7401,60.3876011495033,74.4901,48.83,58.9904092358018,99.9,77.67,87.3935124176381,248,99.9299,0.01,0.02,0.03,NA,NA,NA,NA,0,0,0,0,0,0,0,0,0,0,0,0,0,0,NA,NA,1,1,1,1,1,1,1,1,1,1,1,1,1,1,1,1,1,1,1,1,1,1,1,1,1,2384,1.27626037597656,12.5595,12.5854721069336,8.14447784423828
311,Baruzzo,novoSplice 0.8.4 default baruzzo_human_t1r1,novoSplice 0.8.4 default,novoSplice 0.8.4 default Baruzzo,novoSplice 0.8.4 default human,T1,human T1 R1,novoSplice,human,0.08973,3.65899,95.95128,0.3,0.079896,3.665229,96.124875,0.13,99.91,96.1,97.9679710218866,99.89,95.92,97.8647546090598,99.9901,90.0101,94.7379939601116,97.82,76.7801,86.0323606000226,97.9601,78.4001,87.0954062879266,99.9801,91.15,95.36107724529,37,99.99,0,0,0,NA,NA,NA,NA,0,0,0,0,0,0,0,0,0,0,0,0,0,0,NA,NA,1,1,1,1,1,1,1,1,1,1,1,1,1,1,1,1,1,1,1,1,1,1,1,1,1,1971,29.9460525512695,10.8776666666667,12.9407653808594,14.1145248413086
312,Baruzzo,novoSplice 0.8.4 default baruzzo_human_t2r1,novoSplice 0.8.4 default,novoSplice 0.8.4 default Baruzzo,novoSplice 0.8.4 default human,T2,human T2 R1,novoSplice,human,0.169303,4.352083,95.068614,0.41,0.09986,4.363882,95.396258,0.14,99.89,95.38,97.5829180109592,99.81,95.02,97.3561176410204,99.9701,89.12,94.2337574732892,96.0401,74.04,83.6171780708031,95.71,74.94,84.0610301787284,99.9601,90.32,94.8958533446219,211,99.97,0,0,0,NA,NA,NA,NA,0,0,0,0,0,0,0,0,0,0,0,0,0,0,NA,NA,1,1,1,1,1,1,1,1,1,1,1,1,1,1,1,1,1,1,1,1,1,1,1,1,1,1996,29.9480972290039,11.2923333333333,13.1302337646484,8.15113830566406
313,Baruzzo,novoSplice 0.8.4 default baruzzo_human_t3r1,novoSplice 0.8.4 default,novoSplice 0.8.4 default Baruzzo,novoSplice 0.8.4 default human,T3,human T3 R1,novoSplice,human,0.594528,4.783248,84.702224,9.92,0.179436,5.014764,89.2458,5.56,99.77,88.92,94.0330531559701,99.21,84.1,91.032251377448,99.91,74.59,85.4130303724928,78.62,46.59,58.5081990256369,76.9701,48.86,59.7751902923068,99.71,75.8801,86.1780336249025,1421,99.91,0.01,0,0.06,NA,NA,NA,NA,0,0,0,0,0,0,0,0,0,0,0,0,0,0,NA,NA,1,1,1,1,1,1,1,1,1,1,1,1,1,1,1,1,1,1,1,1,1,1,1,1,1,2020,29.9450187683105,14.688,13.4325180053711,14.1037292480469
314,Baruzzo,novoSplice 0.8.4 default baruzzo_malaria_t1r1,novoSplice 0.8.4 default,novoSplice 0.8.4 default Baruzzo,novoSplice 0.8.4 default malaria,T1,malaria T1 R1,novoSplice,malaria,0.039872,2.701328,96.9388,0.32,0,2.708645,97.241355,0.05,99.99,97.23,98.5906875570429,99.95,96.91,98.4065274814589,100,93.3201,96.5446427971018,97.9501,82.2201,89.3984356681627,96.6401,82.3301,88.9130044779522,100,93.0201,96.3838481070106,0,100,0,0,0,NA,NA,NA,NA,0,0,0,0,0,0,0,0,0,0,0,0,0,0,NA,NA,1,1,1,1,1,1,1,1,1,1,1,1,1,1,1,1,1,1,1,1,1,1,1,1,1,2113,1.26133728027344,7.92766666666667,11.806526184082,0.0615005493164062
315,Baruzzo,novoSplice 0.8.4 default baruzzo_malaria_t2r1,novoSplice 0.8.4 default,novoSplice 0.8.4 default Baruzzo,novoSplice 0.8.4 default malaria,T2,malaria T2 R1,novoSplice,malaria,0.24875,3.1442,96.10705,0.5,0,3.15842,96.79158,0.05,99.99,96.77,98.3536521650742,99.73,96.07,97.8657926455567,99.9801,92.88,96.2993557298788,95.19,78.23,85.8806792757467,93.6101,79.62,86.0501282629289,99.9901,92.59,96.1478715505911,49,99.98,0.01,0,0,NA,NA,NA,NA,0,0,0,0,0,0,0,0,0,0,0,0,0,0,NA,NA,1,1,1,1,1,1,1,1,1,1,1,1,1,1,1,1,1,1,1,1,1,1,1,1,1,2115,1.266845703125,8.53216666666667,12.0336227416992,0
316,Baruzzo,novoSplice 0.8.4 default baruzzo_malaria_t3r1,novoSplice 0.8.4 default,novoSplice 0.8.4 default Baruzzo,novoSplice 0.8.4 default malaria,T3,malaria T3 R1,novoSplice,malaria,0.956884,3.649708,80.073408,15.32,0.008923,3.845813,85.375264,10.77,99.98,84.9,91.8249891821722,98.58,79.22,87.8459797525309,99.9601,77.85,87.5303909620432,79.3101,48.68,60.3299109540503,73.91,48.5901,58.6333283156503,99.8701,77.4901,87.2681022688292,181,99.96,0,0,0.02,NA,NA,NA,NA,0,0,0,0,0,0,0,0,0,0,0,0,0,0,NA,NA,1,1,1,1,1,1,1,1,1,1,1,1,1,1,1,1,1,1,1,1,1,1,1,1,1,2118,1.28093338012695,13.4285,12.5962677001953,0.0001220703125
491,SimBA,novoSplice 0.8.4 default SimBA_human_t1,novoSplice 0.8.4 default,novoSplice 0.8.4 default SimBA,novoSplice 0.8.4 default human,T1,human T1 R1,novoSplice,human,0,0,0,0,0,0,0,0,0,0,NA,0,0,NA,100,100,100,100,100,100,100,100,100,100,100,100,0,0,0,0,0,99.3599858168602,98.3331578762677,92.9058866045147,90.7720037158254,18155254,0,1845686,1386300,56044,0,950,361,18155254,1386300,1845686,56044,361,950,91.8265499389088,98.8439051490754,1,1,1,1,1,1,1,1,1,1,1,1,1,1,1,1,1,1,1,1,1,1,1,1,1,1844,29.9432678222656,5.88633333333333,14.3537521362305,15.5079803466797
492,SimBA,novoSplice 0.8.4 default SimBA_human_t2,novoSplice 0.8.4 default,novoSplice 0.8.4 default SimBA,novoSplice 0.8.4 default human,T2,human T2 R1,novoSplice,human,0,0,0,0,0,0,0,0,0,0,NA,0,0,NA,100,100,100,100,100,100,100,100,100,100,100,100,0,0,0,0,0,99.2165317068041,98.3631340249179,92.9397341417109,90.2924025793945,18056839,0,1941343,1371707,56607,0,942,447,18056839,1371707,1941343,56607,447,942,91.5969440832118,98.7879898431978,1,1,1,1,1,1,1,1,1,1,1,1,1,1,1,1,1,1,1,1,1,1,1,1,1,1893,29.9392051696777,5.40733333333333,14.6414337158203,15.5395431518555
493,SimBA,novoSplice 0.8.4 default SimBA_human_t3,novoSplice 0.8.4 default,novoSplice 0.8.4 default SimBA,novoSplice 0.8.4 default human,T3,human T3 R1,novoSplice,human,0,0,0,0,0,0,0,0,0,0,NA,0,0,NA,100,100,100,100,100,100,100,100,100,100,100,100,0,0,0,0,0,98.7479557564141,98.5382887625465,92.9550326445873,90.2945537232382,18058192,0,1941012,1368612,56155,0,833,712,18058192,1368612,1941012,56155,712,833,91.6054803215177,98.6430108471301,1,1,1,1,1,1,1,1,1,1,1,1,1,1,1,1,1,1,1,1,1,1,1,1,1,1943,29.9346580505371,6.85983333333333,14.7052688598633,12.2980270385742
494,SimBA,novoSplice 0.8.4 default SimBA_malaria_t1,novoSplice 0.8.4 default,novoSplice 0.8.4 default SimBA,novoSplice 0.8.4 default malaria,T1,malaria T1 R1,novoSplice,malaria,0,0,0,0,0,0,0,0,0,0,NA,0,0,NA,100,100,100,100,100,100,100,100,100,100,100,100,0,0,0,0,0,99.5893464742462,99.4842944210033,92.8973494695871,90.5360933646512,18107713,0,1892833,1384461,8488,0,44,35,18107713,1384461,1892833,8488,35,44,91.7015237238661,99.5367927294049,1,1,1,1,1,1,1,1,1,1,1,1,1,1,1,1,1,1,1,1,1,1,1,1,1,2122,1.39000701904297,6.90383333333333,12.9806900024414,0.0468978881835938
495,SimBA,novoSplice 0.8.4 default SimBA_malaria_t2,novoSplice 0.8.4 default,novoSplice 0.8.4 default SimBA,novoSplice 0.8.4 default malaria,T2,malaria T2 R1,novoSplice,malaria,0,0,0,0,0,0,0,0,0,0,NA,0,0,NA,100,100,100,100,100,100,100,100,100,100,100,100,0,0,0,0,0,95.0841750841751,99.2269852424455,93.2110370218563,90.2833923075631,18056404,0,1943292,1315126,8472,0,66,438,18056404,1315126,1943292,8472,438,66,91.7238594500461,97.111416781293,1,1,1,1,1,1,1,1,1,1,1,1,1,1,1,1,1,1,1,1,1,1,1,1,1,2104,1.40160751342773,7.06633333333333,13.6051330566406,0.014678955078125
496,SimBA,novoSplice 0.8.4 default SimBA_malaria_t3,novoSplice 0.8.4 default,novoSplice 0.8.4 default SimBA,novoSplice 0.8.4 default malaria,T3,malaria T3 R1,novoSplice,malaria,0,0,0,0,0,0,0,0,0,0,NA,0,0,NA,100,100,100,100,100,100,100,100,100,100,100,100,0,0,0,0,0,86.3087248322148,97.9149584163055,93.6105451461611,88.4886377294698,17698708,0,2302400,1208038,8359,0,178,1326,17698708,1208038,2302400,8359,1326,178,90.9775594408265,91.7462408078147,1,1,1,1,1,1,1,1,1,1,1,1,1,1,1,1,1,1,1,1,1,1,1,1,1,2115,1.42743682861328,8.96333333333333,14.1210403442383,0.0471343994140625
