,Run,Dataset,Percision_Read,Recall_Read,Percision_Base,Recall_Base,Percision_Junction,Recall_Junction,Percision_Skipping,Recall_Skipping,Percision_Deletion,Recall_Deletion,Percision_Insertion,Recall_Insertion
1,DRAGEN 4.0.3 default,human T1 R2,99.75,97.9,99.7,97.73,99.8901,92.0201,99.84,92.65,98.4501,74.43,98.0601,71.37
2,DRAGEN 4.0.3 default,human T1 R3,99.75,97.91,99.7,97.73,99.8901,92.05,99.82,92.7101,98.5601,74.81,98.3701,71.76
3,DRAGEN 4.0.3 default,human T2 R2,99.71,97.81,99.56,97.39,99.8501,91.46,99.72,91.96,97.1301,72.35,97.11,69.59
4,DRAGEN 4.0.3 default,human T2 R3,99.71,97.82,99.56,97.4,99.83,91.44,99.72,92.0001,97.1401,72.5,97.1501,69.4301
5,DRAGEN 4.0.3 default,human T3 R2,99.37,96.37,98.83,90.04,99.3801,79.9901,98.32,78.87,82.8,47.47,84.1601,45.78
6,DRAGEN 4.0.3 default,human T3 R3,99.37,96.36,98.83,90.02,99.3701,79.97,98.3401,78.94,82.98,47.59,84.2,45.92
7,DRAGEN 4.0.3 default,malaria T1 R2,99.97,98.19,99.89,97.83,99.9801,91.48,97.48,92.66,94.3501,71.82,98.63,69.14
8,DRAGEN 4.0.3 default,malaria T1 R3,99.97,98.19,99.88,97.81,99.9801,91.54,97.1401,92.66,94.8,71.6,98.63,68.44
9,DRAGEN 4.0.3 default,malaria T2 R2,99.97,98.06,99.58,97.01,99.93,90.86,88.8901,91.95,95.47,68.85,97.31,66.6
10,DRAGEN 4.0.3 default,malaria T2 R3,99.97,98.09,99.58,97.04,99.93,90.93,86.5701,92.1201,95.27,68.35,97.2601,66.43
11,DRAGEN 4.0.3 default,malaria T3 R2,99.82,95.18,98.33,85.59,98.9601,79.7901,38.8,80.67,78.84,40.76,83.18,40.42
12,DRAGEN 4.0.3 default,malaria T3 R3,99.83,95.22,98.37,85.63,99.03,79.53,38.52,80.66,79.6001,41.24,83.88,41.0601
137,DRAGEN 4.0.3 default,human T1 R1,99.75,97.9,99.7,97.73,99.8901,92.0201,99.81,92.69,98.4,74.4701,98.2401,71.54
138,DRAGEN 4.0.3 default,human T2 R1,99.7,97.82,99.55,97.4,99.84,91.5001,99.74,91.97,97.1,72.3301,97.18,69.3201
139,DRAGEN 4.0.3 default,human T3 R1,99.37,96.37,98.84,90.03,99.3801,79.96,98.32,78.9101,82.88,47.38,84.09,45.9
140,DRAGEN 4.0.3 default,malaria T1 R1,99.97,98.2,99.88,97.83,99.9801,91.38,97.73,92.55,94.2101,70.89,98.29,68.94
141,DRAGEN 4.0.3 default,malaria T2 R1,99.96,98.07,99.56,97,99.9501,90.93,91.16,92.04,95.3,68.48,97,65.77
142,DRAGEN 4.0.3 default,malaria T3 R1,99.81,95.2,98.35,85.62,99.02,79.97,38.0301,81.0001,78.9101,40.65,83.7601,40.77
13,DeepSAP MS150,human T1 R2,99.48,98.04,99.45,97.83,99.7901,97.89,99.62,98.1701,97.8,86.53,98.02,83.0401
14,DeepSAP MS150,human T1 R3,99.48,98.04,99.45,97.83,99.7901,97.91,99.6501,98.22,97.73,86.82,98.0801,83.4401
15,DeepSAP MS150,human T2 R2,99.42,97.95,99.3,97.6,99.7601,97.42,99.6601,97.6601,96.4601,83.5601,97.02,80.19
16,DeepSAP MS150,human T2 R3,99.42,97.95,99.31,97.6,99.7601,97.39,99.64,97.59,96.4301,83.6,97,80.27
17,DeepSAP MS150,human T3 R2,98.4,96.24,97.71,91.25,99.3901,89.13,99.32,88.6701,77.93,61.63,77.87,59.37
18,DeepSAP MS150,human T3 R3,98.4,96.24,97.71,91.25,99.4,89.0801,99.3601,88.85,78.15,61.68,78.02,59.52
19,DeepSAP MS150,malaria T1 R2,99.96,98.49,99.86,98.08,99.8901,99.1801,99.8701,98.6501,96.4401,85.2601,98.1701,81.0001
20,DeepSAP MS150,malaria T1 R3,99.95,98.49,99.85,98.08,99.8901,99.23,99.8501,98.6401,96.2201,84.8301,97.99,81.5401
21,DeepSAP MS150,malaria T2 R2,99.94,98.48,99.58,97.72,99.8801,98.73,99.2701,98.19,93.8,82,96.71,79.55
22,DeepSAP MS150,malaria T2 R3,99.94,98.49,99.55,97.72,99.8801,98.7701,99.7601,98.2401,93.8201,81.36,96.4601,79.3301
23,DeepSAP MS150,malaria T3 R2,99.59,97.35,97.76,90.61,99.7501,91.06,93.47,90.7101,75.71,59.7,76.96,59.06
24,DeepSAP MS150,malaria T3 R3,99.61,97.36,97.79,90.64,99.7801,90.8801,96.3501,90.6901,76.41,60.3701,77.54,59.95
725,DeepSAP MS150,human T1 R1,99.48,98.03,99.45,97.83,99.8,97.91,99.6601,98.2801,97.8801,86.6701,98.31,83.2
825,DeepSAP MS150,human T2 R1,99.42,97.95,99.3,97.6,99.7701,97.4401,99.64,97.6,96.2401,83.36,96.91,80.2101
925,DeepSAP MS150,human T3 R1,98.4,96.24,97.71,91.25,99.3901,89.11,99.32,88.9001,78.1101,61.5501,77.9201,59.61
1025,DeepSAP MS150,malaria T1 R1,99.95,98.49,99.85,98.08,99.8801,99.1801,99.8601,98.6,96.2501,83.46,98.43,82.1201
1125,DeepSAP MS150,malaria T2 R1,99.94,98.48,99.57,97.71,99.8801,98.7801,99.5,98.2501,93.69,81.55,96.2,78.77
1225,DeepSAP MS150,malaria T3 R1,99.59,97.35,97.74,90.59,99.8,91.15,94.86,90.6901,75.6,59.5,77.54,59.69
37,HISAT2 2.2.1 default,human T1 R2,99.86,97.1,99.83,96.94,99.5,94.8101,99.4901,95.36,98.73,67.24,98.52,64.03
38,HISAT2 2.2.1 default,human T1 R3,99.86,97.11,99.83,96.95,99.5,94.88,99.52,95.5401,98.8501,67.25,98.6401,64.86
39,HISAT2 2.2.1 default,human T2 R2,99.8,91.39,99.73,91.15,98.9901,83.87,98.7401,84.29,97.8501,41.6801,97.81,40.28
40,HISAT2 2.2.1 default,human T2 R3,99.8,91.4,99.73,91.16,99.03,83.86,98.7501,83.61,97.91,41.36,97.9501,40.26
41,HISAT2 2.2.1 default,human T3 R2,99.49,22.72,99.42,22.47,92.4101,5.7,79.74,5.6001,96.09,0.880099999999999,95.28,0.870000000000005
42,HISAT2 2.2.1 default,human T3 R3,99.49,22.74,99.42,22.49,92.5001,5.72,79.43,5.52,95.9,0.870000000000005,95.3,0.880099999999999
43,HISAT2 2.2.1 default,malaria T1 R2,99.98,97.13,99.92,96.83,97.7701,95.1501,65.81,96.5401,94.9501,64.14,98.72,61.56
44,HISAT2 2.2.1 default,malaria T1 R3,99.98,97.12,99.9,96.81,97.5601,95.1301,45.08,96.49,95.0201,64.74,98.5401,62.93
45,HISAT2 2.2.1 default,malaria T2 R2,99.94,86.32,99.74,85.85,96.29,84.5301,29.12,85.63,96.2501,39.41,97.7801,39.76
46,HISAT2 2.2.1 default,malaria T2 R3,99.94,86.44,99.73,85.97,95.41,84.2401,26.66,85.7,96.3301,39.57,97.7701,39.93
47,HISAT2 2.2.1 default,malaria T3 R2,99.88,5.89,99.59,5.83,94.56,6.01,12.51,6.09,94.78,0.799999999999997,96.09,0.829999999999998
48,HISAT2 2.2.1 default,malaria T3 R3,99.88,5.94,99.61,5.88,94.4101,5.69,11.1801,5.86,95.18,0.810000000000002,95.9301,0.859999999999999
209,HISAT2 2.2.1 default,human T1 R1,99.86,97.1,99.83,96.95,99.4901,94.8201,99.4701,95.5201,98.8,67.21,98.6701,64.5901
210,HISAT2 2.2.1 default,human T2 R1,99.8,91.39,99.73,91.15,99.04,83.9,98.82,84.32,97.8701,41.41,97.93,40.19
211,HISAT2 2.2.1 default,human T3 R1,99.48,22.73,99.41,22.48,92.44,5.69,79.68,5.63,95.9601,0.849999999999994,95.1501,0.880099999999999
212,HISAT2 2.2.1 default,malaria T1 R1,99.98,97.1,99.91,96.79,97.51,94.7101,45.65,96.28,94.7501,63.44,98.3701,61.38
213,HISAT2 2.2.1 default,malaria T2 R1,99.94,86.28,99.73,85.81,95.66,84.0301,29.5701,85.3601,96.17,39.36,97.62,39.02
214,HISAT2 2.2.1 default,malaria T3 R1,99.89,5.88,99.6,5.81,94.07,5.74,12.21,5.7101,94.9301,0.790099999999995,96.1301,0.819999999999993
49,STAR 2.7.10a default,human T1 R2,99.9,97.81,99.84,97.56,99.92,92.28,99.64,92.4001,98.19,71.5,98.0501,61.01
50,STAR 2.7.10a default,human T1 R3,99.9,97.81,99.84,97.57,99.92,92.36,99.63,92.5301,98.11,71.9,97.93,60.9801
51,STAR 2.7.10a default,human T2 R2,99.85,97.36,99.58,96.54,99.7901,87.7601,98.5801,88.02,95.3401,61.5901,95.4401,51.74
52,STAR 2.7.10a default,human T2 R3,99.85,97.36,99.58,96.54,99.8,87.73,98.59,87.7901,95.28,61.5,95.4,51.7
53,STAR 2.7.10a default,human T3 R2,99.55,81.27,98.89,75.76,98.9701,40.12,85.31,39.61,82.35,16.06,83.48,13.62
54,STAR 2.7.10a default,human T3 R3,99.56,81.24,98.89,75.73,98.9501,40.19,85.29,39.8,82.25,15.97,83.46,13.64
55,STAR 2.7.10a default,malaria T1 R2,99.99,97.76,99.88,97.37,99.62,94,22.5701,93.5101,97.31,73.7601,97.8601,65.12
56,STAR 2.7.10a default,malaria T1 R3,99.99,97.75,99.87,97.34,99.6901,94.1201,24.5401,93.59,97.41,73.62,97.8,64.2701
57,STAR 2.7.10a default,malaria T2 R2,99.99,96.61,99.31,95.27,98.4401,90.84,5.05,90.3001,93.9301,65.39,95.27,57.2201
58,STAR 2.7.10a default,malaria T2 R3,99.99,96.64,99.31,95.31,98.41,90.72,5.17,90.3901,94.06,65.35,95.11,57
59,STAR 2.7.10a default,malaria T3 R2,99.88,71.34,97.61,62.88,80.5201,51.8701,0.189999999999998,51.74,77.6801,22.17,82.56,20.48
60,STAR 2.7.10a default,malaria T3 R3,99.88,71.26,97.63,62.82,80.3101,50.92,0.189999999999998,51.46,78.6801,22.44,83.25,20.9
233,STAR 2.7.10a default,human T1 R1,99.9,97.81,99.84,97.56,99.91,92.2901,99.5901,92.3301,98.1801,71.2301,98.11,61.06
234,STAR 2.7.10a default,human T2 R1,99.85,97.36,99.57,96.53,99.7701,87.71,98.6601,88.03,95.07,61.19,95.4,51.45
235,STAR 2.7.10a default,human T3 R1,99.55,81.26,98.89,75.75,98.9601,40.12,85.1501,39.79,82.37,15.97,83.47,13.72
236,STAR 2.7.10a default,malaria T1 R1,99.99,97.76,99.87,97.35,99.6601,93.9301,24.81,93.4301,96.99,72.72,98.0501,65.07
237,STAR 2.7.10a default,malaria T2 R1,99.99,96.62,99.31,95.29,98.4801,90.5801,4.83,90.16,94.1101,65.4801,95.1501,56.7101
238,STAR 2.7.10a default,malaria T3 R1,99.88,71.24,97.62,62.78,80.6301,51.4801,0.189999999999998,51.34,77.8101,22.09,82.94,20.55
61,Subjunc 2.0.1 default,human T1 R2,99.31,92.69,99.31,92.48,99.0501,95.2301,94.17,95.1301,97.83,81.7301,97.91,77.4701
62,Subjunc 2.0.1 default,human T1 R3,99.31,92.69,99.31,92.48,99.0601,95.3,94.3,95.38,97.92,82.0401,98.13,78.47
63,Subjunc 2.0.1 default,human T2 R2,99.23,89.51,99.17,88.88,98.4401,88.1601,92.8101,88.4601,96.41,74.48,96.8401,70.3
64,Subjunc 2.0.1 default,human T2 R3,99.23,89.5,99.18,88.87,98.52,88.1901,92.9101,88.0601,96.51,73.87,96.89,70.38
65,Subjunc 2.0.1 default,human T3 R2,98.33,46.16,98.12,42.13,95.9301,26.26,77.8901,26.15,80.17,12.47,82.36,12.61
66,Subjunc 2.0.1 default,human T3 R3,98.32,46.17,98.13,42.13,95.89,26.26,77.23,26.39,80.5201,12.42,82.46,12.7901
67,Subjunc 2.0.1 default,malaria T1 R2,99.57,97.71,99.6,97.36,92.68,97.83,1.05,97.5401,95.7301,88.31,97.8401,83.0301
68,Subjunc 2.0.1 default,malaria T1 R3,99.56,97.7,99.59,97.35,92.74,98.1,1,97.6401,95.91,88.94,97.41,85.73
69,Subjunc 2.0.1 default,malaria T2 R2,99.51,93.05,99.4,92.19,87.1601,90.6201,0.609999999999999,90.36,94.87,80.48,96.49,78.66
70,Subjunc 2.0.1 default,malaria T2 R3,99.49,93.1,99.37,92.23,87.11,90.6801,0.579999999999998,90.84,94.68,80.88,96.0301,78.02
71,Subjunc 2.0.1 default,malaria T3 R2,93.4,25.9,93.96,22.15,47.7,26.76,0.0700999999999965,27.05,73.3501,13.77,80.78,14.6601
72,Subjunc 2.0.1 default,malaria T3 R3,93.3,26.02,93.89,22.27,46.52,26.02,0.0700999999999965,26.8,72.9401,13.5,80.9101,14.92
305,Subjunc 2.0.1 default,human T1 R1,99.32,92.7,99.31,92.48,99.0501,95.21,94.3501,95.3,97.8401,81.1301,97.9401,76.4701
306,Subjunc 2.0.1 default,human T2 R1,99.23,89.48,99.17,88.85,98.52,88.1601,92.5301,88.41,96.3601,73.57,96.82,70.04
307,Subjunc 2.0.1 default,human T3 R1,98.32,46.14,98.12,42.1,95.77,26.17,76.4701,26.58,80.2001,12.34,82.25,12.78
308,Subjunc 2.0.1 default,malaria T1 R1,99.56,97.7,99.59,97.34,92.68,97.5401,1.03,97.39,95.67,87.44,97.83,85.01
309,Subjunc 2.0.1 default,malaria T2 R1,99.52,93.08,99.39,92.2,87.02,90.86,0.609999999999999,90.77,94.2,80.84,96.1301,77.35
310,Subjunc 2.0.1 default,malaria T3 R1,93.18,25.88,93.78,22.11,46.3101,26.01,0.0700999999999965,26.3801,73.33,13.53,81.26,14.67
73,novoSplice 0.8.4 default,human T1 R2,99.91,96.08,99.89,95.91,99.9901,90.02,99.9801,91.1801,98.0701,78.0101,97.92,76.8801
74,novoSplice 0.8.4 default,human T1 R3,99.91,96.09,99.89,95.91,99.9901,90.07,99.9801,91.1101,98.11,78.3001,98.1801,76.7901
75,novoSplice 0.8.4 default,human T2 R2,99.89,95.37,99.81,95.01,99.9701,89.0801,99.9601,90.35,95.8301,75.2701,95.99,73.91
76,novoSplice 0.8.4 default,human T2 R3,99.89,95.36,99.81,95.01,99.9701,89.0901,99.9701,90.2901,95.91,75.2,96.1501,74.0601
77,novoSplice 0.8.4 default,human T3 R2,99.77,88.93,99.21,84.1,99.91,74.59,99.6501,75.75,76.9001,48.9301,78.6101,46.43
78,novoSplice 0.8.4 default,human T3 R3,99.77,88.91,99.21,84.08,99.91,74.53,99.6801,75.5601,77.16,48.97,78.65,46.55
79,novoSplice 0.8.4 default,malaria T1 R2,99.99,97.22,99.95,96.92,100,93.3201,100,93.0301,96.98,83.7,97.9401,82.49
80,novoSplice 0.8.4 default,malaria T1 R3,99.99,97.22,99.95,96.91,99.9901,93.36,99.9901,93.08,96.8301,83.35,97.7,81.5101
81,novoSplice 0.8.4 default,malaria T2 R2,99.99,96.75,99.75,96.07,99.9901,92.8001,99.9901,92.4101,94.18,80.08,95.8,79.3901
82,novoSplice 0.8.4 default,malaria T2 R3,99.99,96.81,99.75,96.13,99.9801,92.88,99.9901,92.64,93.97,79.94,95.36,78.9901
83,novoSplice 0.8.4 default,malaria T3 R2,99.98,84.95,98.6,79.29,99.93,78.26,99.9,77.8001,74.0701,48.68,78.6,48.1
84,novoSplice 0.8.4 default,malaria T3 R3,99.98,84.86,98.62,79.23,99.93,77.62,99.9,77.67,74.4901,48.83,79.35,48.7401
311,novoSplice 0.8.4 default,human T1 R1,99.91,96.1,99.89,95.92,99.9901,90.0101,99.9801,91.15,97.9601,78.4001,97.82,76.7801
312,novoSplice 0.8.4 default,human T2 R1,99.89,95.38,99.81,95.02,99.9701,89.12,99.9601,90.32,95.71,74.94,96.0401,74.04
313,novoSplice 0.8.4 default,human T3 R1,99.77,88.92,99.21,84.1,99.91,74.59,99.71,75.8801,76.9701,48.86,78.62,46.59
314,novoSplice 0.8.4 default,malaria T1 R1,99.99,97.23,99.95,96.91,100,93.3201,100,93.0201,96.6401,82.3301,97.9501,82.2201
315,novoSplice 0.8.4 default,malaria T2 R1,99.99,96.77,99.73,96.07,99.9801,92.88,99.9901,92.59,93.6101,79.62,95.19,78.23
316,novoSplice 0.8.4 default,malaria T3 R1,99.98,84.9,98.58,79.22,99.9601,77.85,99.8701,77.4901,73.91,48.5901,79.3101,48.68
